Date,Content
2025-05-03,https://boxd.it/9zPLet
2025-05-03,https://boxd.it/4H4Gij
2025-05-03,https://boxd.it/3ReLil
2025-05-07,https://boxd.it/9Dh1iH
2025-05-25,https://boxd.it/9MGOFB
2025-06-20,https://boxd.it/Y0UAT
2025-06-20,https://boxd.it/plyeN
2025-06-20,https://boxd.it/19MwIz
2025-06-20,https://boxd.it/9R71dX
2025-06-20,https://boxd.it/68l289
2025-06-25,https://boxd.it/CTpCr
2025-06-25,https://boxd.it/21qBMj
2025-06-30,https://boxd.it/16Bof1
2025-06-30,https://boxd.it/1uobnr
2025-06-30,https://boxd.it/2a7XB1
2025-07-10,https://boxd.it/1hYOfV
2025-07-10,https://boxd.it/fy2uv
2025-07-11,https://boxd.it/lTUqN
2025-08-29,https://boxd.it/aTMsMD
2025-08-29,https://boxd.it/aSkwLz
2025-08-31,https://boxd.it/KmGAN
2025-09-14,https://boxd.it/aV6CgL
2025-09-14,https://boxd.it/aKBwhB
2025-10-05,https://boxd.it/8uylIb
2025-11-13,https://boxd.it/bGPtkH
2025-11-14,https://boxd.it/aqGJz9
2025-12-10,https://boxd.it/9SkUjV
2025-12-10,https://boxd.it/bPHeux
2025-12-10,https://boxd.it/9LNBQB
2025-12-10,https://boxd.it/bvYvmJ
2025-12-12,https://boxd.it/1RruNh
2025-12-12,https://boxd.it/c10wRr
2025-12-12,https://boxd.it/bWB8kn
2025-12-12,https://boxd.it/2oVGOt
2025-12-13,https://boxd.it/2uixNR
2025-12-13,https://boxd.it/9QlcNr
2025-12-13,https://boxd.it/7JysDT
2025-12-13,https://boxd.it/1NtX9j
2025-12-29,https://boxd.it/caqciT
2025-12-31,https://boxd.it/8pnHdx
2025-12-31,https://boxd.it/RWk8R
2025-12-31,https://boxd.it/3hzxP
2026-01-02,https://boxd.it/8j01Wl
2026-01-02,https://boxd.it/1k4by5
2026-01-03,https://boxd.it/8gcoJB
2026-01-03,https://boxd.it/WnvLZ
2026-01-05,https://boxd.it/ca5M4V
2026-01-05,https://boxd.it/clPVQZ
2026-01-06,https://boxd.it/534uBV
2026-01-06,https://boxd.it/18qA7J
2026-01-06,https://boxd.it/auNA3
2026-01-06,https://boxd.it/9XAm7
2026-01-06,https://boxd.it/ctmPP1
2026-01-06,https://boxd.it/c3WM7X
2026-01-06,https://boxd.it/ckI6Xd
2026-01-06,https://boxd.it/8E9zih
2026-01-06,https://boxd.it/8E6a57
2026-01-07,https://boxd.it/cu8RNx
2026-01-07,https://boxd.it/1EW8V
2026-01-08,https://boxd.it/cvxgyJ
2026-01-08,https://boxd.it/1PZ0qd
2026-01-08,https://boxd.it/3whgB
2026-01-10,https://boxd.it/cxSJZ5
2026-01-10,https://boxd.it/T6RBB
2026-01-10,https://boxd.it/bOhXt
2026-01-14,https://boxd.it/cBVtYd
2026-01-14,https://boxd.it/7BryFZ
2026-01-14,https://boxd.it/bJeTzB
2026-01-17,https://boxd.it/8gEjY3
2026-01-17,https://boxd.it/2nWTSh
2026-01-20,https://boxd.it/a27Vpz
2026-01-20,https://boxd.it/92CVAL
2026-01-20,https://boxd.it/85dvxb
2026-01-21,https://boxd.it/8yD2fl
2026-01-22,https://boxd.it/cKEmxh
2026-01-22,https://boxd.it/cKtV4H
2026-01-22,https://boxd.it/201xxl
2026-01-22,https://boxd.it/205tvN
2026-01-22,https://boxd.it/71b3lN
2026-01-22,https://boxd.it/oaGdd
2026-01-22,https://boxd.it/29g0Lv
2026-01-22,https://boxd.it/cKf14D
2026-01-24,https://boxd.it/8EG5Mn
2026-01-25,https://boxd.it/bI7dtt
2026-01-25,https://boxd.it/buy5St
2026-01-26,https://boxd.it/b6aDlz
2026-01-26,https://boxd.it/bM4SZP
2026-01-26,https://boxd.it/cmjadV
2026-01-26,https://boxd.it/9TJUu9
2026-01-28,https://boxd.it/cRcW6D
2026-01-28,https://boxd.it/9TVjqj
2026-01-28,https://boxd.it/cDoOpZ
2026-01-28,https://boxd.it/cO9Gp7
2026-01-28,https://boxd.it/cJtYpp
2026-01-29,https://boxd.it/cSv3ZZ
2026-01-30,https://boxd.it/cSLoWT
2026-01-30,https://boxd.it/cTEjdz
2026-02-01,https://boxd.it/cVJMQN
2026-02-01,https://boxd.it/cSL8pf
2026-02-01,https://boxd.it/bVwSMD
2026-02-03,https://boxd.it/1fCvvj
2026-02-03,https://boxd.it/cDt001
2026-02-03,https://boxd.it/5c1NtB
2026-02-03,https://boxd.it/5me7xn
2026-02-03,https://boxd.it/cXmpkL
2026-02-04,https://boxd.it/cYetFV
2026-02-04,https://boxd.it/cYrMuN
2026-02-06,https://boxd.it/d0x5nf
2026-02-09,https://boxd.it/6BHLqx
2026-02-09,https://boxd.it/bbPUbt
2026-02-10,https://boxd.it/d3L72D
2026-02-10,https://boxd.it/d3pfiZ
2026-02-10,https://boxd.it/1KzX7H
2026-02-10,https://boxd.it/71rlub
2026-02-11,https://boxd.it/d3pghj
2026-02-12,https://boxd.it/d5knnL
2026-02-12,https://boxd.it/d5i4DB
2026-02-12,https://boxd.it/aRtxfX
2026-02-12,https://boxd.it/8g0Yqr
2026-02-13,https://boxd.it/1P7Ojt
2026-02-13,https://boxd.it/1vWFJJ
2026-02-13,https://boxd.it/1PKrt
2026-02-14,https://boxd.it/d6YJIl
2026-02-15,https://boxd.it/cch8Rl
2026-02-15,https://boxd.it/c2eqkj
2026-02-15,https://boxd.it/bZMeIJ
2026-02-16,https://boxd.it/d8XLfV
2026-02-16,https://boxd.it/csrkad
2026-02-16,https://boxd.it/d8GTwr
2026-02-16,https://boxd.it/9Rd9cZ
2026-02-16,https://boxd.it/1CqIy9
2026-02-16,https://boxd.it/cXDvpB
2026-02-17,https://boxd.it/d9VeFL
2026-02-17,https://boxd.it/danCbV
2026-02-17,https://boxd.it/daqCnt
2026-02-17,https://boxd.it/3gKDwv
2026-02-17,https://boxd.it/1vQ9qt
2026-02-17,https://boxd.it/cFPaGt
2026-02-17,https://boxd.it/cAQI1r
2026-02-17,https://boxd.it/bTPhQN
2026-02-17,https://boxd.it/daPK9f
2026-02-17,https://boxd.it/bl5UTt
2026-02-18,https://boxd.it/azD7rL
2026-02-19,https://boxd.it/1Z953J
2026-02-19,https://boxd.it/mkXez
2026-02-19,https://boxd.it/2F2VPf
2026-02-19,https://boxd.it/21OFQx
2026-02-20,https://boxd.it/dcPhR1
2026-02-20,https://boxd.it/bTZ7Ed
2026-02-20,https://boxd.it/2gB9yP
2026-02-20,https://boxd.it/J0isx
2026-02-20,https://boxd.it/yeAGB
2026-02-20,https://boxd.it/6UMa8n
2026-02-20,https://boxd.it/6uCkK3
2026-02-20,https://boxd.it/hUV3h
2026-02-21,https://boxd.it/ddLd8n
2026-02-23,https://boxd.it/dfK0eX
2026-02-23,https://boxd.it/2CbHWH
2026-02-23,https://boxd.it/dcbxdr
2026-02-23,https://boxd.it/2xOoxV
2026-02-23,https://boxd.it/Ntg9n
2026-02-23,https://boxd.it/dfnt9V
2026-02-27,https://boxd.it/9s9Qy7
2026-02-27,https://boxd.it/1gkPzt
2026-02-27,https://boxd.it/dj5Awn
2026-02-27,https://boxd.it/dj6ZUh
2026-02-27,https://boxd.it/dj4NPZ
2026-03-01,https://boxd.it/dkDdhr
2026-03-01,https://boxd.it/pOaNx
2026-03-01,https://boxd.it/1hTgCr
2026-03-01,https://boxd.it/2aM2D7
2026-03-01,https://boxd.it/1BCrQZ
2026-03-01,https://boxd.it/3fCNIV
2026-03-04,https://boxd.it/6zuXDf
2026-03-04,https://boxd.it/2VRfsT
2026-03-04,https://boxd.it/cEsPK7
2026-03-05,https://boxd.it/don1Dz
2026-03-05,https://boxd.it/donL0D
2026-03-05,https://boxd.it/v4eX
2026-03-05,https://boxd.it/1pdvVL
2026-03-06,https://boxd.it/cjauhN
2026-03-06,https://boxd.it/cXlYLZ
2026-03-06,https://boxd.it/cRp6lx
2026-03-07,https://boxd.it/dpA8BF
2026-03-07,https://boxd.it/bz6Ho1
2026-03-08,https://boxd.it/dk7wod
2026-03-08,https://boxd.it/6re80H
2026-03-08,https://boxd.it/cDZSmJ
2026-03-09,https://boxd.it/drmI6X
2026-03-09,https://boxd.it/drqErb
2026-03-09,https://boxd.it/crIirh
2026-03-09,https://boxd.it/9xbD4n
2026-03-09,https://boxd.it/1h9v3z
2026-03-09,https://boxd.it/drGQbr
2026-03-10,https://boxd.it/dsGidd
2026-03-10,https://boxd.it/dsK35B
2026-03-10,https://boxd.it/cZE5S3
2026-03-11,https://boxd.it/dt8fhd
2026-03-11,https://boxd.it/dtwhSX
2026-03-12,https://boxd.it/dtNfnx
2026-03-12,https://boxd.it/brJpXt
2026-03-12,https://boxd.it/ahPbar
2026-03-12,https://boxd.it/9hKQXr
2026-03-12,https://boxd.it/a53NPX
2026-03-12,https://boxd.it/9eqKNX
2026-03-12,https://boxd.it/2GTlBL
2026-03-12,https://boxd.it/9RmDL
2026-03-12,https://boxd.it/duidwz
2026-03-12,https://boxd.it/dtEysX
2026-03-12,https://boxd.it/bBRPLz
2026-03-13,https://boxd.it/404A9
2026-03-13,https://boxd.it/2oH5S1
2026-03-13,https://boxd.it/bb5HC5
2026-03-13,https://boxd.it/1eSOfx
2026-03-13,https://boxd.it/28LsFD
2026-03-13,https://boxd.it/8uefWL
2026-03-13,https://boxd.it/8uUEUp
2026-03-13,https://boxd.it/1pgSyB
2026-03-13,https://boxd.it/25o3k3
2026-03-14,https://boxd.it/doJy9B
2026-03-15,https://boxd.it/6YHYtB
2026-03-15,https://boxd.it/dw1XyP
2026-03-17,https://boxd.it/dgu0nd
2026-03-17,https://boxd.it/dgw1bL
2026-03-18,https://boxd.it/cmBa59
2026-03-18,https://boxd.it/c063Pz
2026-03-20,https://boxd.it/dAO6Hj
2026-03-20,https://boxd.it/258Gqn
2026-03-21,https://boxd.it/dAWjKr
2026-03-22,https://boxd.it/1k1fnJ
2026-03-22,https://boxd.it/6x9Hrd
2026-03-22,https://boxd.it/1RQVVx
2026-03-22,https://boxd.it/7irf2X
2026-03-22,https://boxd.it/FLtwN
2026-03-22,https://boxd.it/dCgDVj
2026-03-22,https://boxd.it/6WdPZ1
2026-03-22,https://boxd.it/boVR31
2026-03-22,https://boxd.it/1hf38t
2026-03-23,https://boxd.it/29MnWZ
2026-03-23,https://boxd.it/3aX8nf
2026-03-23,https://boxd.it/5bc4a3
2026-03-23,https://boxd.it/9DLjLH
2026-03-23,https://boxd.it/5JEFgp
2026-03-23,https://boxd.it/dkhxHl
2026-03-23,https://boxd.it/dpXLdX
2026-03-24,https://boxd.it/dEDJhX
2026-03-24,https://boxd.it/dERSP3
2026-03-24,https://boxd.it/dsgodL
2026-03-25,https://boxd.it/dF1SOz
2026-03-27,https://boxd.it/dH6q6H
2026-04-03,https://boxd.it/dIKTwD
2026-04-03,https://boxd.it/bxCmbr
2026-04-03,https://boxd.it/1jJUuP
2026-04-03,https://boxd.it/8xxXWv
2026-04-03,https://boxd.it/d1kgqx
2026-04-08,https://boxd.it/dSFcsD
2026-04-12,https://boxd.it/QawTZ
2026-04-13,https://boxd.it/b2EROz
2026-04-15,https://boxd.it/dRCVX7
2026-04-23,https://boxd.it/e4JkIF
2026-04-24,https://boxd.it/e5Q2XF
2026-04-24,https://boxd.it/dnnrO5
2026-04-24,https://boxd.it/d5Ry4h
2026-04-25,https://boxd.it/7nb9SL
2026-04-25,https://boxd.it/dJRrUb
2026-04-26,https://boxd.it/6skQSf
2026-05-01,https://boxd.it/eb27H7
2026-05-01,https://boxd.it/ebbHp7
2026-05-02,https://boxd.it/c5AHSN
2026-05-03,https://boxd.it/a8ljQz
2026-05-03,https://boxd.it/cA1hPR
2026-05-03,https://boxd.it/1gA8PF
2026-05-03,https://boxd.it/4U1f17
2026-05-03,https://boxd.it/a2TVsf
2026-05-05,https://boxd.it/cyjD0z
2026-05-07,https://boxd.it/eg2x1B
2026-05-07,https://boxd.it/eg1FlR
2026-05-10,https://boxd.it/ehMUbF
2026-05-11,https://boxd.it/ejrpfn
2026-05-17,https://boxd.it/eo25Rr
2026-05-18,https://boxd.it/dS1vwf
2026-05-21,https://boxd.it/ervNbf
2026-05-21,https://boxd.it/ern22f
2026-05-21,https://boxd.it/6CeFfz
2026-05-21,https://boxd.it/1J8etl
2026-05-23,https://boxd.it/esKsV1
2026-05-23,https://boxd.it/4O2ZM7
2026-06-08,https://boxd.it/1K5sFX
2026-06-08,https://boxd.it/1cYpuV
2026-06-08,https://boxd.it/2QjTn7
2026-06-08,https://boxd.it/1Exg4d
2026-06-08,https://boxd.it/171al7
2026-06-09,https://boxd.it/eI27fz
2026-06-11,https://boxd.it/7GASlt
2026-06-22,https://boxd.it/eSngl9
2026-06-29,https://boxd.it/bxTcHL
2026-07-02,https://boxd.it/f1ELcd
2026-07-03,https://boxd.it/f2KFBd
2026-07-06,https://boxd.it/f4dnJP
2026-07-13,https://boxd.it/atgiDD
2026-07-13,https://boxd.it/fcwt6z
2026-07-13,https://boxd.it/eLym8J
2026-07-13,https://boxd.it/fciat7
2026-07-13,https://boxd.it/1Pee4L
2026-07-13,https://boxd.it/fcWsEn
2026-07-13,https://boxd.it/gl0It
2026-07-13,https://boxd.it/eyQgcf
2026-07-13,https://boxd.it/1Db5Qn
2026-07-19,https://boxd.it/lEtZV
2026-07-19,https://boxd.it/gHyOJ
2026-07-25,https://boxd.it/fpZzRB
2026-07-26,https://boxd.it/fr2G4B
2026-07-26,https://boxd.it/fqAnMN
2026-07-26,https://boxd.it/fqUQnR
2026-07-27,https://boxd.it/freog9
2026-07-27,https://boxd.it/fr7OdV
2026-07-27,https://boxd.it/fr3UF9
2026-07-27,https://boxd.it/fs4PJh
2026-07-27,https://boxd.it/fs4JJl
2026-07-30,https://boxd.it/3yUy0B
2026-08-01,https://boxd.it/fyiDVx
2026-08-02,https://boxd.it/Q6Vjf
2026-08-02,https://boxd.it/8SG2WZ
2026-08-04,https://boxd.it/fCFwgT
2026-08-07,https://boxd.it/fGvwud
2026-08-09,https://boxd.it/fIlZvn
2026-08-10,https://boxd.it/8fyrLP
2026-08-15,https://boxd.it/fPO6dT
2026-08-15,https://boxd.it/fPOft7
2026-08-17,https://boxd.it/fQZJ3T
2026-08-19,https://boxd.it/eWpqi5
2026-08-19,https://boxd.it/4y1eC9
