Date,Name,Year,Letterboxd URI,Rating
2024-03-22,The Godfather,1972,https://boxd.it/2aNK,5
2024-05-18,Society of the Snow,2023,https://boxd.it/y9aw,4.5
2024-06-02,Dallas Buyers Club,2013,https://boxd.it/4O8G,4
2024-06-10,Her,2013,https://boxd.it/4O24,3
2024-08-14,The Boy Who Harnessed the Wind,2019,https://boxd.it/hIgA,4
2024-08-19,Boyhood,2014,https://boxd.it/3178,4
2024-08-21,Silver Linings Playbook,2012,https://boxd.it/2TTo,3
2024-08-26,Get Out,2017,https://boxd.it/eOCm,4
2024-09-16,Late Night with the Devil,2023,https://boxd.it/zo6G,2.5
2024-09-17,La Haine,1995,https://boxd.it/2as8,5
2024-10-14,Challengers,2024,https://boxd.it/zld0,4
2024-10-21,Do the Right Thing,1989,https://boxd.it/29gA,5
2024-11-17,Taxi Driver,1976,https://boxd.it/2b8y,4
2025-02-02,I'm Still Here,2024,https://boxd.it/BPEO,5
2025-03-06,Aftersun,2022,https://boxd.it/Arw0,4
2025-03-20,Ran,1985,https://boxd.it/1Tlu,5
2025-05-01,Mulholland Drive,2001,https://boxd.it/297o,5
2025-05-04,Chungking Express,1994,https://boxd.it/1UDa,5
2025-05-06,Once Upon a Time in America,1984,https://boxd.it/2aCs,3.5
2025-05-07,8 Mile,2002,https://boxd.it/2bew,5
2025-05-18,"Hail, Sarajevo",1993,https://boxd.it/5mrC,5
2025-05-20,A Minecraft Movie,2025,https://boxd.it/zRro,1.5
2025-05-26,Pom Poko,1994,https://boxd.it/1Mvi,4
2025-05-28,For a Few Dollars More,1965,https://boxd.it/29eu,4.5
2025-06-13,Ghost in the Shell,1995,https://boxd.it/1YYc,4
2025-06-15,"The Good, the Bad and the Ugly",1966,https://boxd.it/2ape,5
2025-06-17,The Thing,1982,https://boxd.it/294O,5
2025-06-18,Into the Wild,2007,https://boxd.it/22m2,3
2025-06-18,BEEF,2023,https://boxd.it/FPsm,4
2025-06-18,Joker,2019,https://boxd.it/h4cS,3
2025-06-18,Parasite,2019,https://boxd.it/hTha,5
2025-06-18,El Camino: A Breaking Bad Movie,2019,https://boxd.it/kv0q,3.5
2025-06-18,A Star Is Born,2018,https://boxd.it/aXgc,3.5
2025-06-18,Black Panther,2018,https://boxd.it/8MHs,3
2025-06-18,Maze Runner: The Death Cure,2018,https://boxd.it/bakw,2
2025-06-18,Your Name.,2016,https://boxd.it/cUqs,4
2025-06-18,The Revenant,2015,https://boxd.it/8H5e,4
2025-06-18,The Hateful Eight,2015,https://boxd.it/8gw8,4.5
2025-06-18,Nocturnal Animals,2016,https://boxd.it/bkFu,1
2025-06-18,Suicide Squad,2016,https://boxd.it/9row,0.5
2025-06-18,The 5th Wave,2016,https://boxd.it/9wbi,2
2025-06-18,American Sniper,2014,https://boxd.it/5LDy,3
2025-06-18,Interstellar,2014,https://boxd.it/4VZ8,3
2025-06-18,Divergent,2014,https://boxd.it/4VT0,2
2025-06-18,Birdman or (The Unexpected Virtue of Ignorance),2014,https://boxd.it/5RFA,3.5
2025-06-18,The Wolf of Wall Street,2013,https://boxd.it/3C1m,2.5
2025-06-18,Whiplash,2014,https://boxd.it/7bQA,4.5
2025-06-18,The Grand Budapest Hotel,2014,https://boxd.it/3ZqO,3
2025-06-18,Fifty Shades of Grey,2015,https://boxd.it/6qLo,0.5
2025-06-18,The Imitation Game,2014,https://boxd.it/6aig,2
2025-06-18,Django Unchained,2012,https://boxd.it/2cCk,3
2025-06-18,About Time,2013,https://boxd.it/43bI,2.5
2025-06-18,The Purge,2013,https://boxd.it/4Xg0,2
2025-06-18,Project X,2012,https://boxd.it/neO,4.5
2025-06-18,Transformers,2007,https://boxd.it/280c,3
2025-06-18,Transformers: Revenge of the Fallen,2009,https://boxd.it/20gG,1
2025-06-18,Transformers: Dark of the Moon,2011,https://boxd.it/16aC,1.5
2025-06-18,Transformers: Age of Extinction,2014,https://boxd.it/3d1m,1.5
2025-06-18,Transformers: The Last Knight,2017,https://boxd.it/b8xo,2
2025-06-18,The Fast and the Furious: Tokyo Drift,2006,https://boxd.it/1Yeo,4
2025-06-18,The Fighter,2010,https://boxd.it/PP4,4
2025-06-18,Life of Pi,2012,https://boxd.it/37pC,3.5
2025-06-18,Skyfall,2012,https://boxd.it/17Fc,2.5
2025-06-18,Limitless,2011,https://boxd.it/Aly,1.5
2025-06-18,The Social Network,2010,https://boxd.it/17ue,3.5
2025-06-18,Rush,2013,https://boxd.it/3lyS,3.5
2025-06-18,The Book of Eli,2010,https://boxd.it/1Dnu,3
2025-06-18,Inglourious Basterds,2009,https://boxd.it/1JzG,2
2025-06-18,X-Men Origins: Wolverine,2009,https://boxd.it/27ug,1.5
2025-06-18,Slumdog Millionaire,2008,https://boxd.it/1S3E,2.5
2025-06-18,Tropic Thunder,2008,https://boxd.it/20WM,1.5
2025-06-18,The Boy in the Striped Pyjamas,2008,https://boxd.it/1NOK,0.5
2025-06-18,Gran Torino,2008,https://boxd.it/1Qzy,5
2025-06-18,Iron Man 2,2010,https://boxd.it/1WZM,3
2025-06-18,The Dark Knight,2008,https://boxd.it/2b0k,3.5
2025-06-18,Iron Man,2008,https://boxd.it/28dA,3.5
2025-06-18,I Am Legend,2007,https://boxd.it/21DG,3
2025-06-18,Jumper,2008,https://boxd.it/20ss,1.5
2025-06-18,3:10 to Yuma,2007,https://boxd.it/23g0,5
2025-06-18,Superbad,2007,https://boxd.it/20hO,5
2025-06-18,The Devil Wears Prada,2006,https://boxd.it/2awE,3
2025-06-18,Elite Squad,2007,https://boxd.it/20YI,3
2025-06-18,Elite Squad: The Enemy Within,2010,https://boxd.it/Jx4,3
2025-06-18,Bus 174,2002,https://boxd.it/209q,3.5
2025-06-18,300,2006,https://boxd.it/28XI,3
2025-06-18,Brokeback Mountain,2005,https://boxd.it/2b2q,4
2025-06-18,"The Chronicles of Narnia: The Lion, the Witch and the Wardrobe",2005,https://boxd.it/2ark,3
2025-06-18,Eternal Sunshine of the Spotless Mind,2004,https://boxd.it/6YK,4
2025-06-18,The Butterfly Effect,2004,https://boxd.it/27M0,3
2025-06-18,EuroTrip,2004,https://boxd.it/1YTQ,3
2025-06-18,She's the Man,2006,https://boxd.it/1Y7W,1
2025-06-18,School of Rock,2003,https://boxd.it/28xK,3
2025-06-18,City of God,2002,https://boxd.it/2a2a,4.5
2025-06-18,Spirited Away,2001,https://boxd.it/2b4m,5
2025-06-18,Training Day,2001,https://boxd.it/27A4,4.5
2025-06-18,The Fast and the Furious,2001,https://boxd.it/1XMu,3
2025-06-18,Catch Me If You Can,2002,https://boxd.it/29VS,3.5
2025-06-18,Cast Away,2000,https://boxd.it/20i8,4
2025-06-18,Memento,2000,https://boxd.it/2bcK,3
2025-06-18,American Psycho,2000,https://boxd.it/28Vs,3.5
2025-06-18,Gladiator,2000,https://boxd.it/2b9m,2
2025-06-18,Fight Club,1999,https://boxd.it/2a9q,1.5
2025-06-18,The Green Mile,1999,https://boxd.it/2agG,2.5
2025-06-18,The Truman Show,1998,https://boxd.it/18U8,4
2025-06-18,The Sixth Sense,1999,https://boxd.it/29Js,5
2025-06-18,Titanic,1997,https://boxd.it/2a2k,4.5
2025-06-18,Cowboy Bebop,1998,https://boxd.it/ptES,4.5
2025-06-18,Saving Private Ryan,1998,https://boxd.it/29ro,4
2025-06-18,Jurassic Park,1993,https://boxd.it/2aA2,4
2025-06-18,Indiana Jones and the Last Crusade,1989,https://boxd.it/2baO,3
2025-06-18,Indiana Jones and the Temple of Doom,1984,https://boxd.it/2bb8,3
2025-06-18,Indiana Jones and the Kingdom of the Crystal Skull,2008,https://boxd.it/2aR8,3
2025-06-18,The Shawshank Redemption,1994,https://boxd.it/2aHi,5
2025-06-18,Forrest Gump,1994,https://boxd.it/728,5
2025-06-18,Back to the Future,1985,https://boxd.it/2b8e,4.5
2025-06-18,Back to the Future Part II,1989,https://boxd.it/2aYI,4
2025-06-18,Who Framed Roger Rabbit,1988,https://boxd.it/29ry,2.5
2025-06-18,First Blood,1982,https://boxd.it/28U0,4
2025-06-18,Rambo: First Blood Part II,1985,https://boxd.it/28TQ,3.5
2025-06-18,The Perks of Being a Wallflower,2012,https://boxd.it/2ZA8,3.5
2025-06-18,Surf's Up,2007,https://boxd.it/1YKY,4
2025-06-18,Avatar,2009,https://boxd.it/1Efm,3.5
2025-06-18,Mean Girls,2004,https://boxd.it/1VNg,3.5
2025-06-18,Spider-Man,2002,https://boxd.it/2a8i,4
2025-06-18,Spider-Man 2,2004,https://boxd.it/2a88,4.5
2025-06-18,The Incredibles,2004,https://boxd.it/1XLm,4
2025-06-18,Shrek 2,2004,https://boxd.it/29z8,4
2025-06-18,The Lion King,1994,https://boxd.it/201Q,5
2025-06-18,My Neighbor Totoro,1988,https://boxd.it/20eA,5
2025-06-18,Toy Story,1995,https://boxd.it/29qA,4
2025-06-18,Toy Story 2,1999,https://boxd.it/29qq,4
2025-06-18,Cars,2006,https://boxd.it/29ho,4
2025-06-18,Cars 2,2011,https://boxd.it/H4Y,3
2025-06-18,Toy Story 3,2010,https://boxd.it/1WRe,4.5
2025-06-18,"Monsters, Inc.",2001,https://boxd.it/2a46,4
2025-06-18,2012,2009,https://boxd.it/1OE2,2
2025-06-18,Scooby-Doo,2002,https://boxd.it/1YaQ,3.5
2025-06-18,The Last Airbender,2010,https://boxd.it/1WQK,1
2025-06-18,The Twilight Saga: Eclipse,2010,https://boxd.it/1ytW,2
2025-06-18,Scooby-Doo! The Mystery Begins,2009,https://boxd.it/1Ai2,2
2025-06-18,Shrek the Third,2007,https://boxd.it/29yY,2
2025-06-18,Ice Age,2002,https://boxd.it/2apS,4
2025-06-18,Pirates of the Caribbean: At World's End,2007,https://boxd.it/2aGu,2
2025-06-18,Bee Movie,2007,https://boxd.it/22Vw,3.5
2025-06-18,Chicken Little,2005,https://boxd.it/1Xnu,3
2025-06-18,Fantastic Four: Rise of the Silver Surfer,2007,https://boxd.it/27Ii,2.5
2025-06-18,Stuart Little,1999,https://boxd.it/1WZW,3
2025-06-18,How the Grinch Stole Christmas,2000,https://boxd.it/1ZHQ,3.5
2025-06-18,Ice Age: Continental Drift,2012,https://boxd.it/lQ2,3
2025-06-18,Percy Jackson & the Olympians: The Lightning Thief,2010,https://boxd.it/1gJi,2
2025-06-18,Click,2006,https://boxd.it/1YVM,3
2025-06-18,Charlie and the Chocolate Factory,2005,https://boxd.it/2b68,3.5
2025-06-18,Fantastic Four,2005,https://boxd.it/1XVw,3.5
2025-06-18,Tarzan,1999,https://boxd.it/18YO,3
2025-06-18,Friday the 13th,1980,https://boxd.it/24fs,4
2025-06-18,Hacksaw Ridge,2016,https://boxd.it/azew,3
2025-06-18,Ice Age: Dawn of the Dinosaurs,2009,https://boxd.it/20iC,3
2025-06-18,Bolt,2008,https://boxd.it/1QXg,3
2025-06-18,The Terminator,1984,https://boxd.it/2aQY,4
2025-06-18,Terminator 2: Judgment Day,1991,https://boxd.it/2aGY,4.5
2025-06-18,Hush,2016,https://boxd.it/d5ys,4
2025-06-18,Madagascar: Escape 2 Africa,2008,https://boxd.it/1W2K,3.5
2025-06-18,Madagascar,2005,https://boxd.it/29dc,4
2025-06-18,Pirates of the Caribbean: The Curse of the Black Pearl,2003,https://boxd.it/70G,3.5
2025-06-18,High School Musical,2006,https://boxd.it/1V0y,3
2025-06-18,Ice Age: The Meltdown,2006,https://boxd.it/2wRk,4
2025-06-18,Rio,2011,https://boxd.it/NKc,2
2025-06-18,Rio 2,2014,https://boxd.it/5jfy,1
2025-06-18,Resident Evil: Extinction,2007,https://boxd.it/20Oy,1
2025-06-18,Twilight,2008,https://boxd.it/1Zui,3.5
2025-06-18,Charlie's Angels,2000,https://boxd.it/24v6,3
2025-06-18,Legally Blonde,2001,https://boxd.it/1ZNa,3
2025-06-18,One Man Band,2005,https://boxd.it/1P6g,3
2025-06-18,Ghostbusters II,1989,https://boxd.it/261s,3.5
2025-06-18,Predator,1987,https://boxd.it/2b84,3.5
2025-06-18,The Banshees of Inisherin,2022,https://boxd.it/p7XS,4
2025-06-18,Straight Outta Compton,2015,https://boxd.it/8rMc,4
2025-06-18,Kung Fu Panda,2008,https://boxd.it/1Yws,4
2025-06-18,D.E.B.S.,2004,https://boxd.it/2aaS,3.5
2025-06-18,Requiem for a Dream,2000,https://boxd.it/29VI,3
2025-06-18,Starship Troopers,1997,https://boxd.it/2a7k,5
2025-06-18,The Man Who Copied,2003,https://boxd.it/10Rg,4
2025-06-18,Boyz n the Hood,1991,https://boxd.it/29Ug,4
2025-06-18,Kiki's Delivery Service,1989,https://boxd.it/1JAY,4
2025-06-18,The Shining,1980,https://boxd.it/29Nu,4
2025-06-18,Psycho,1960,https://boxd.it/2ab2,5
2025-06-18,Point Break,1991,https://boxd.it/2958,4
2025-06-18,Ferris Bueller's Day Off,1986,https://boxd.it/1YPY,4.5
2025-06-18,Sharknado,2013,https://boxd.it/69Qc,2.5
2025-06-18,Sharknado 2: The Second One,2014,https://boxd.it/7hGQ,2.5
2025-06-18,The Prince of Egypt,1998,https://boxd.it/1XGQ,3
2025-06-18,Finding Nemo,2003,https://boxd.it/72i,4.5
2025-06-18,Up,2009,https://boxd.it/1OEc,4
2025-06-18,The SpongeBob SquarePants Movie,2004,https://boxd.it/1SYq,3
2025-06-18,Speed Racer,2008,https://boxd.it/20UQ,5
2025-06-18,L.A. Confidential,1997,https://boxd.it/27oC,5
2025-06-18,Another Round,2020,https://boxd.it/lkba,4
2025-06-18,Friday,1995,https://boxd.it/1VLO,4
2025-06-18,WALL·E,2008,https://boxd.it/1VEo,4.5
2025-06-18,Snow White and the Seven Dwarfs,1937,https://boxd.it/2arO,4
2025-06-18,Bambi,1942,https://boxd.it/25AQ,3
2025-06-18,13 Going on 30,2004,https://boxd.it/1X6e,3
2025-06-18,A Beautiful Mind,2001,https://boxd.it/2amk,2
2025-06-18,Willy Wonka & the Chocolate Factory,1971,https://boxd.it/2aLu,3.5
2025-06-18,Lady and the Tramp,1955,https://boxd.it/1Wv8,3
2025-06-18,Michael Jackson's Thriller,1983,https://boxd.it/3e76,5
2025-06-18,Enter the Dragon,1973,https://boxd.it/1YCA,4
2025-06-18,Mamma Mia!,2008,https://boxd.it/1Tnq,3
2025-06-18,White Men Can't Jump,1992,https://boxd.it/1WWy,3
2025-06-18,Harold & Kumar Go to White Castle,2004,https://boxd.it/1Ueu,5
2025-06-18,Harold & Kumar Escape from Guantanamo Bay,2008,https://boxd.it/1QoU,4.5
2025-06-18,A Very Harold & Kumar Christmas,2011,https://boxd.it/rLM,4.5
2025-06-18,Drunken Master,1978,https://boxd.it/1Ujk,3.5
2025-06-18,Police Story,1985,https://boxd.it/1Zhe,4
2025-06-18,Drunken Master II,1994,https://boxd.it/1Si0,4
2025-06-18,Rush Hour,1998,https://boxd.it/27pU,3
2025-06-18,Rush Hour 3,2007,https://boxd.it/23gk,2.5
2025-06-18,The Karate Kid,2010,https://boxd.it/15HA,2
2025-06-18,RoboCop,1987,https://boxd.it/22Wu,5
2025-06-18,How to Lose a Guy in 10 Days,2003,https://boxd.it/1XwG,4.5
2025-06-18,Philadelphia,1993,https://boxd.it/1XMk,4
2025-06-18,Paid in Full,2002,https://boxd.it/1QQu,4
2025-06-18,Coach Carter,2005,https://boxd.it/218e,3
2025-06-18,A Few Good Men,1992,https://boxd.it/29nw,4
2025-06-18,Anaconda,1997,https://boxd.it/1YSy,1
2025-06-18,Scary Movie 3,2003,https://boxd.it/24Be,2
2025-06-18,Scary Movie,2000,https://boxd.it/24CG,3.5
2025-06-18,Scary Movie 2,2001,https://boxd.it/24Cw,3
2025-06-18,Scary Movie 4,2006,https://boxd.it/24B4,1
2025-06-18,Scary Movie 5,2013,https://boxd.it/24AU,1.5
2025-06-18,Sonic the Hedgehog 2,2022,https://boxd.it/pb8O,2.5
2025-06-18,The Super Mario Bros. Movie,2023,https://boxd.it/i8C8,3.5
2025-06-18,Space Jam,1996,https://boxd.it/26YO,3
2025-06-18,Sonic the Hedgehog,2020,https://boxd.it/gdK8,2
2025-06-18,Split,2016,https://boxd.it/dgSy,2.5
2025-06-18,91 Days,2016,https://boxd.it/pLDI,4.5
2025-06-18,ERASED,2016,https://boxd.it/px1A,3.5
2025-06-18,Dragon Ball Z: Battle of Gods,2013,https://boxd.it/4a0C,3.5
2025-06-18,Dragon Ball Z: Resurrection 'F',2015,https://boxd.it/9GCI,2.5
2025-06-18,Steins;Gate,2011,https://boxd.it/psNE,5
2025-06-18,Child's Play,1988,https://boxd.it/1VTo,4
2025-06-18,Bride of Chucky,1998,https://boxd.it/1SJU,3
2025-06-18,Child's Play 2,1990,https://boxd.it/1Uqq,3
2025-06-18,Seed of Chucky,2004,https://boxd.it/1UgA,3
2025-06-18,Alice in Wonderland,2010,https://boxd.it/1Spq,1
2025-06-18,Dragonball Evolution,2009,https://boxd.it/1ODy,0.5
2025-06-18,Sex Drive,2008,https://boxd.it/1PZg,2
2025-06-18,If I Were You,2006,https://boxd.it/1dDw,2
2025-06-18,Two Sons of Francisco,2005,https://boxd.it/Geo,1
2025-06-18,Closer,2004,https://boxd.it/270K,3.5
2025-06-18,Scooby-Doo 2: Monsters Unleashed,2004,https://boxd.it/1UPA,3
2025-06-18,Yu-Gi-Oh! The Movie,2004,https://boxd.it/1UL4,3
2025-06-18,Spy Kids 3-D: Game Over,2003,https://boxd.it/1S7w,2
2025-06-18,Spirit: Stallion of the Cimarron,2002,https://boxd.it/1Zmo,3
2025-06-18,Stuart Little 2,2002,https://boxd.it/1UTW,2
2025-06-18,The Tuxedo,2002,https://boxd.it/1Vra,1.5
2025-06-18,Ace Ventura: Pet Detective,1994,https://boxd.it/25RW,3
2025-06-18,Frozen,2013,https://boxd.it/3GNa,4
2025-06-18,The Nutty Boy,1995,https://boxd.it/BXe,3
2025-06-18,Notting Hill,1999,https://boxd.it/2aeK,3.5
2025-06-18,Matilda,1996,https://boxd.it/1VhY,3
2025-06-18,Home Alone 2: Lost in New York,1992,https://boxd.it/29F6,3
2025-06-18,My Girl,1991,https://boxd.it/24PK,4
2025-06-18,The Wizard of Oz,1939,https://boxd.it/29Xu,4
2025-06-18,Princess Mononoke,1997,https://boxd.it/2b4w,4.5
2025-06-18,Billy Madison,1995,https://boxd.it/1UQI,3
2025-06-18,Interview with the Vampire,1994,https://boxd.it/29XO,3
2025-06-18,Mac & Devin Go to High School,2012,https://boxd.it/3z2m,3
2025-06-18,Batman Returns,1992,https://boxd.it/2awa,4
2025-06-18,Catwoman,2004,https://boxd.it/2aBY,1
2025-06-18,Spider-Man 3,2007,https://boxd.it/2a7Y,3
2025-06-18,Superman Returns,2006,https://boxd.it/28J2,3
2025-06-18,Men in Black,1997,https://boxd.it/2a0I,3
2025-06-18,Blade,1998,https://boxd.it/1a8A,3.5
2025-06-18,Blade II,2002,https://boxd.it/1agO,3
2025-06-18,Blade: Trinity,2004,https://boxd.it/1a8q,1
2025-06-18,The Shape of Water,2017,https://boxd.it/dZ5m,2
2025-06-18,Dragon Ball Super: Broly,2018,https://boxd.it/iaWE,3.5
2025-06-18,Harry Potter and the Philosopher's Stone,2001,https://boxd.it/29QS,3
2025-06-18,Harry Potter and the Chamber of Secrets,2002,https://boxd.it/29QI,3
2025-06-18,Harry Potter and the Prisoner of Azkaban,2004,https://boxd.it/29Qy,4
2025-06-18,Harry Potter and the Goblet of Fire,2005,https://boxd.it/29Qo,3.5
2025-06-18,Harry Potter and the Order of the Phoenix,2007,https://boxd.it/29Qe,3
2025-06-18,Harry Potter and the Half-Blood Prince,2009,https://boxd.it/29FU,4.5
2025-06-18,Harry Potter and the Deathly Hallows: Part 1,2010,https://boxd.it/1RYu,5
2025-06-18,Harry Potter and the Deathly Hallows: Part 2,2011,https://boxd.it/1RYk,4
2025-06-18,Beetlejuice,1988,https://boxd.it/24QI,3
2025-06-18,Penguins of Madagascar,2014,https://boxd.it/89tc,2
2025-06-18,Mr. Popper's Penguins,2011,https://boxd.it/kRS,1
2025-06-18,Muita Calma Nessa Hora,2010,https://boxd.it/o7k,0.5
2025-06-18,The Invisible Woman,2009,https://boxd.it/1lUg,0.5
2025-06-18,Hannah Montana: The Movie,2009,https://boxd.it/1Hx4,0.5
2025-06-18,American Pie Presents: The Naked Mile,2006,https://boxd.it/20qG,2
2025-06-18,Dr. Dolittle 3,2006,https://boxd.it/1GdW,1.5
2025-06-18,Little Man,2006,https://boxd.it/1ZeE,2.5
2025-06-18,Garfield: A Tail of Two Kitties,2006,https://boxd.it/1YuG,2
2025-06-18,Garfield,2004,https://boxd.it/1ZAA,2.5
2025-06-18,Cats & Dogs,2001,https://boxd.it/1UUq,1.5
2025-06-18,Marley & Me,2008,https://boxd.it/1Ola,3
2025-06-18,Casper Meets Wendy,1998,https://boxd.it/13TE,1
2025-06-18,The Little Rascals,1994,https://boxd.it/1V8i,1
2025-06-18,New York Minute,2004,https://boxd.it/1UPq,1
2025-06-18,It Takes Two,1995,https://boxd.it/1f1E,1.5
2025-06-18,Passport to Paris,1999,https://boxd.it/vfg,2.5
2025-06-18,Holiday in the Sun,2001,https://boxd.it/1c3M,2
2025-06-18,Our Lips Are Sealed,2000,https://boxd.it/1dnI,2
2025-06-18,The Animal,2001,https://boxd.it/1UFg,0.5
2025-06-18,102 Dalmatians,2000,https://boxd.it/1W9G,2.5
2025-06-18,The Rugrats Movie,1998,https://boxd.it/1O5m,1
2025-06-18,Dennis the Menace Strikes Again!,1998,https://boxd.it/PZS,2
2025-06-18,Dennis the Menace,1993,https://boxd.it/1SrQ,2.5
2025-06-18,Home Alone 3,1997,https://boxd.it/1XZ4,2
2025-06-18,The Santa Clause,1994,https://boxd.it/1TWK,3
2025-06-18,The Flintstones,1994,https://boxd.it/29mo,2.5
2025-06-18,Free Willy 2: The Adventure Home,1995,https://boxd.it/1Zeu,2
2025-06-18,Dragon Ball Z: The World's Strongest,1990,https://boxd.it/14ti,2.5
2025-06-18,The Karate Kid Part II,1986,https://boxd.it/1ZJM,2
2025-06-18,My Girl 2,1994,https://boxd.it/1U9a,2
2025-06-18,Father of the Bride Part II,1995,https://boxd.it/1SUo,2
2025-06-18,Beethoven's 2nd,1993,https://boxd.it/1Wgs,1.5
2025-06-18,Vai Que Cola: O Filme,2015,https://boxd.it/9GSc,1
2025-06-18,Trap.com,2011,https://boxd.it/2uIA,0.5
2025-06-18,Jackass: The Movie,2002,https://boxd.it/1Zo0,3.5
2025-06-18,Jackass Number Two,2006,https://boxd.it/1SyM,3.5
2025-06-18,G-Force,2009,https://boxd.it/1ETc,2
2025-06-18,Hancock,2008,https://boxd.it/1Zv6,2
2025-06-18,Norbit,2007,https://boxd.it/1XSM,2
2025-06-18,The Da Vinci Code,2006,https://boxd.it/2a3i,2.5
2025-06-18,Aquamarine,2006,https://boxd.it/1OAE,2.5
2025-06-18,Robots,2005,https://boxd.it/1Xve,2.5
2025-06-18,The Lion King 1½,2004,https://boxd.it/1TRg,2.5
2025-06-18,Johnny English,2003,https://boxd.it/1YyI,2.5
2025-06-18,Johnny English Strikes Again,2018,https://boxd.it/gzGW,2.5
2025-06-18,Johnny English Reborn,2011,https://boxd.it/kQq,2.5
2025-06-18,The Naked Gun: From the Files of Police Squad!,1988,https://boxd.it/18YE,3
2025-06-18,Pinocchio,1940,https://boxd.it/1V8C,4
2025-06-18,The Adventures of Pinocchio,1996,https://boxd.it/1FX0,2.5
2025-06-18,Shallow Hal,2001,https://boxd.it/1XBm,2
2025-06-18,Jimmy Neutron: Boy Genius,2001,https://boxd.it/1RDm,2
2025-06-18,Elf,2003,https://boxd.it/1VyK,2.5
2025-06-18,Lara Croft: Tomb Raider,2001,https://boxd.it/27G2,1
2025-06-18,Bean,1997,https://boxd.it/28WA,3
2025-06-18,Mr. Bean's Holiday,2007,https://boxd.it/28Yc,3.5
2025-06-18,Castle Ra-Tim-Bum: The Movie,1999,https://boxd.it/2Svg,3
2025-06-18,Speed,1994,https://boxd.it/28qk,3.5
2025-06-18,Beethoven,1992,https://boxd.it/1T36,3
2025-06-18,Casper,1995,https://boxd.it/1ZMw,3
2025-06-18,American Reunion,2012,https://boxd.it/2qH4,1.5
2025-06-18,Nutty Professor II: The Klumps,2000,https://boxd.it/1SwQ,1.5
2025-06-18,Air Bud: World Pup,2000,https://boxd.it/1CYa,2.5
2025-06-18,K-9,1989,https://boxd.it/1Wuu,2.5
2025-06-18,Rango,2011,https://boxd.it/QPk,2
2025-06-18,Megamind,2010,https://boxd.it/16Sk,2
2025-06-18,King Kong,2005,https://boxd.it/2aLa,2
2025-06-18,Mr. & Mrs. Smith,2005,https://boxd.it/29CG,2.5
2025-06-18,Charlotte's Web,2006,https://boxd.it/1Xn0,2
2025-06-18,Linha de Passe,2008,https://boxd.it/1ZD0,3.5
2025-06-18,City of Men,2007,https://boxd.it/20Zm,3.5
2025-06-18,GoldenEye,1995,https://boxd.it/29KU,3
2025-06-18,O Rei do Cagaço,1977,https://boxd.it/bau2,2
2025-06-18,The Tortoise and the Hare,1935,https://boxd.it/l0A,1.5
2025-06-18,Head Over Heels 2,2012,https://boxd.it/53dw,2
2025-06-18,Head Over Heels,2010,https://boxd.it/bZ4,2
2025-06-18,Hugo,2011,https://boxd.it/R08,2.5
2025-06-18,Happy Feet,2006,https://boxd.it/1XH0,3.5
2025-06-18,Jack-Jack Attack,2005,https://boxd.it/1P6q,3.5
2025-06-18,Bruce Almighty,2003,https://boxd.it/2aCC,3
2025-06-18,The Mask,1994,https://boxd.it/29rS,3.5
2025-06-18,Chernobyl,2019,https://boxd.it/mkbG,4.5
2025-06-18,Room,2015,https://boxd.it/7T0y,4
2025-06-18,Blood Diamond,2006,https://boxd.it/28Tm,3.5
2025-06-18,Tenacious D in The Pick of Destiny,2006,https://boxd.it/27go,3
2025-06-18,The Chronicles of Narnia: Prince Caspian,2008,https://boxd.it/26Hy,2
2025-06-18,The Chronicles of Narnia: The Voyage of the Dawn Treader,2010,https://boxd.it/1WZs,1.5
2025-06-18,Pretty Woman,1990,https://boxd.it/2b6M,3
2025-06-18,Captain America: The First Avenger,2011,https://boxd.it/28b0,3.5
2025-06-18,Only the Brave,2017,https://boxd.it/dRqw,4
2025-06-18,Pixo,2009,https://boxd.it/5mla,4
2025-06-18,Lilo & Stitch,2002,https://boxd.it/1TAY,4
2025-06-18,Braveheart,1995,https://boxd.it/2aTI,2
2025-06-18,Hercules,1997,https://boxd.it/1SDW,3
2025-06-18,Band of Brothers,2001,https://boxd.it/aRNY,5
2025-06-18,Superman,1978,https://boxd.it/27Qm,3.5
2025-06-18,Superman II,1980,https://boxd.it/204q,3.5
2025-06-18,Superman IV: The Quest for Peace,1987,https://boxd.it/1TUk,1.5
2025-06-18,Superman III,1983,https://boxd.it/1YrM,2.5
2025-06-18,Hulk,2003,https://boxd.it/27PS,3
2025-06-18,The Incredible Hulk,2008,https://boxd.it/28dU,1.5
2025-06-18,The Incredible Hulk,1977,https://boxd.it/3ZK,3
2025-06-18,Bird Box,2018,https://boxd.it/eh1i,2
2025-06-18,Nobody,2021,https://boxd.it/mLqS,4
2025-06-18,50 First Dates,2004,https://boxd.it/285c,4
2025-06-18,All Quiet on the Western Front,2022,https://boxd.it/H08,4
2025-06-18,Jennifer's Body,2009,https://boxd.it/1Efw,4
2025-06-18,The Exorcist,1973,https://boxd.it/1Yoo,5
2025-06-18,Rocky II,1979,https://boxd.it/28Ua,3.5
2025-06-18,Rocky III,1982,https://boxd.it/28Tw,3.5
2025-06-18,Rocky IV,1985,https://boxd.it/28T2,3
2025-06-18,Rocky V,1990,https://boxd.it/28SS,2.5
2025-06-18,The Texas Chain Saw Massacre,1974,https://boxd.it/1lcS,5
2025-06-18,They Live,1988,https://boxd.it/20lm,5
2025-06-18,La La Land,2016,https://boxd.it/a5fa,3
2025-06-18,The Purge: Anarchy,2014,https://boxd.it/71zk,0.5
2025-06-18,The Purge: Election Year,2016,https://boxd.it/ae5I,0.5
2025-06-18,The First Purge,2018,https://boxd.it/fJfk,0.5
2025-06-18,The Forever Purge,2021,https://boxd.it/mdzc,0.5
2025-06-18,Alien Resurrection,1997,https://boxd.it/20zI,2
2025-06-18,Wallace & Gromit: The Curse of the Were-Rabbit,2005,https://boxd.it/2ac0,3
2025-06-18,Chicken Run,2000,https://boxd.it/20Xg,4
2025-06-18,Quantum of Solace,2008,https://boxd.it/1Vs8,2
2025-06-18,The Great Gatsby,2013,https://boxd.it/JY,2
2025-06-18,Phone Booth,2002,https://boxd.it/285G,3
2025-06-18,The 40 Year Old Virgin,2005,https://boxd.it/21hK,3
2025-06-18,Mortal Kombat,1995,https://boxd.it/1YZY,4
2025-06-18,Dumb and Dumber,1994,https://boxd.it/206m,4
2025-06-18,Dumb and Dumberer: When Harry Met Lloyd,2003,https://boxd.it/1WXw,1.5
2025-06-18,Dumb and Dumber To,2014,https://boxd.it/3qPk,2
2025-06-18,The Substance,2024,https://boxd.it/zanS,1
2025-06-18,Blade Runner,1982,https://boxd.it/2bcA,5
2025-06-18,Christine,1983,https://boxd.it/1ZRQ,4.5
2025-06-18,National Lampoon's Christmas Vacation,1989,https://boxd.it/22wQ,3.5
2025-06-18,Clueless,1995,https://boxd.it/1Ygk,3.5
2025-06-18,The Nightmare Before Christmas,1993,https://boxd.it/1YzQ,4
2025-06-18,Tom and Jerry: The Movie,1992,https://boxd.it/1Amo,3
2025-06-18,Robin Hood: Men in Tights,1993,https://boxd.it/20H8,3.5
2025-06-18,Scream,1996,https://boxd.it/24EC,5
2025-06-18,Addams Family Values,1993,https://boxd.it/26mq,3
2025-06-18,Corpse Bride,2005,https://boxd.it/24WQ,3.5
2025-06-18,Edward Scissorhands,1990,https://boxd.it/2aZc,3.5
2025-06-18,The Maze Runner,2014,https://boxd.it/5YPM,1
2025-06-18,The Idea of You,2024,https://boxd.it/vOW6,0.5
2025-06-18,Outcast Rockstar,2019,https://boxd.it/nEge,3
2025-06-18,Biggie: I Got a Story to Tell,2021,https://boxd.it/tZR8,3.5
2025-06-18,Carandiru,2003,https://boxd.it/209g,3
2025-06-18,Halloween,1978,https://boxd.it/2wRu,5
2025-06-18,Wonder Woman,2017,https://boxd.it/9roG,1.5
2025-06-18,The Blue Lagoon,1980,https://boxd.it/22KS,1.5
2025-06-18,Batman,1966,https://boxd.it/26uO,3.5
2025-06-18,Project Almanac,2015,https://boxd.it/6IP4,3
2025-06-18,Hustle,2022,https://boxd.it/qpig,3.5
2025-06-18,Se7en,1995,https://boxd.it/29zs,3.5
2025-06-18,City Lights,1931,https://boxd.it/29ki,4.5
2025-06-18,As Aventuras de Pedro Malasartes,1960,https://boxd.it/2xTQ,5
2025-06-18,Final Destination,2000,https://boxd.it/1YrC,3
2025-06-18,Final Destination 2,2003,https://boxd.it/1YSS,2.5
2025-06-18,Final Destination 3,2006,https://boxd.it/1Z40,3.5
2025-06-18,The Final Destination,2009,https://boxd.it/1EmW,1
2025-06-18,Saw,2004,https://boxd.it/2aWW,3.5
2025-06-18,Poltergeist,1982,https://boxd.it/2a0o,4
2025-06-18,A Man Called Otto,2022,https://boxd.it/zl06,3.5
2025-06-18,The Queen's Gambit,2020,https://boxd.it/s1Ym,4.5
2025-06-18,Dunkirk,2017,https://boxd.it/d0Y6,2
2025-06-18,Deadpool,2016,https://boxd.it/9fOC,3.5
2025-06-18,"Basic Sanitation, the Movie",2007,https://boxd.it/1oC,4.5
2025-06-18,Neymar: The Perfect Chaos,2022,https://boxd.it/z5fk,2.5
2025-06-18,Didi Wanna Be a Kid,2004,https://boxd.it/7wEA,0.5
2025-06-18,Happy Gilmore,1996,https://boxd.it/1Yey,3.5
2025-06-18,Gremlins,1984,https://boxd.it/29gg,4.5
2025-06-18,Gremlins 2: The New Batch,1990,https://boxd.it/29g6,5
2025-06-18,The Simpsons Movie,2007,https://boxd.it/6YU,3
2025-06-18,Last Stop 174,2008,https://boxd.it/1DNM,3.5
2025-06-18,"Ó Paí, Ó: Look at This",2007,https://boxd.it/17ru,4
2025-06-18,The Year My Parents Went on Vacation,2006,https://boxd.it/1O8A,3
2025-06-18,Once Upon a Time in Rio,2008,https://boxd.it/13MI,1
2025-06-18,My Name Ain't Johnny,2008,https://boxd.it/1IMu,1
2025-06-18,My Uncle Killed a Guy,2004,https://boxd.it/2GVw,0.5
2025-06-18,If I Were You 2,2009,https://boxd.it/1BqQ,1
2025-06-18,Mighty Morphin Power Rangers: The Movie,1995,https://boxd.it/1ZeY,2
2025-06-18,Turbo: A Power Rangers Movie,1997,https://boxd.it/21BK,2
2025-06-18,Teenage Mutant Ninja Turtles II: The Secret of the Ooze,1991,https://boxd.it/28G8,3
2025-06-18,Teenage Mutant Ninja Turtles,1990,https://boxd.it/28FY,1.5
2025-06-18,Teenage Mutant Ninja Turtles III,1993,https://boxd.it/28FO,2.5
2025-06-18,Scott Pilgrim vs. the World,2010,https://boxd.it/1Aq6,3.5
2025-06-18,Lightyear,2022,https://boxd.it/qV1G,2.5
2025-06-19,The Guyver,1991,https://boxd.it/1MYa,3
2025-06-19,Hellboy,2004,https://boxd.it/28HK,2.5
2025-06-19,Daredevil,2003,https://boxd.it/1YzG,1.5
2025-06-19,Frankenstein,1931,https://boxd.it/25Te,5
2025-06-19,The Love Bug,1997,https://boxd.it/1gLe,2.5
2025-06-19,The Love Bug,1968,https://boxd.it/1OHg,2.5
2025-06-19,V for Vendetta,2005,https://boxd.it/29Ik,2
2025-06-19,Fullmetal Alchemist: Brotherhood,2009,https://boxd.it/ptii,4
2025-06-19,"It's the Great Pumpkin, Charlie Brown",1966,https://boxd.it/1Qmu,4
2025-06-19,Alice in Wonderland,1951,https://boxd.it/1Sz6,3.5
2025-06-19,The Adventures of Rocky & Bullwinkle,2000,https://boxd.it/1IaK,2.5
2025-06-19,Shark Tale,2004,https://boxd.it/1VYe,2
2025-06-19,The Many Adventures of Winnie the Pooh,1977,https://boxd.it/7l0Y,3.5
2025-06-19,Peter Pan,1953,https://boxd.it/1VCC,3.5
2025-06-19,The Jungle Book,1967,https://boxd.it/1YY2,3.5
2025-06-19,Robin Hood,1973,https://boxd.it/1SRa,3
2025-06-19,Cinderella,1950,https://boxd.it/1Uki,3.5
2025-06-19,The Adventures of Tintin,2011,https://boxd.it/1Irc,3.5
2025-06-19,Aladdin,1992,https://boxd.it/29yE,4
2025-06-19,One Hundred and One Dalmatians,1961,https://boxd.it/1SeC,4
2025-06-19,Beauty and the Beast,1991,https://boxd.it/1XhG,4
2025-06-19,Shrek,2001,https://boxd.it/29zi,4
2025-06-19,Tintin and the Picaros,1992,https://boxd.it/fH0i,4
2025-06-19,Jimmy Timmy Power Hour,2004,https://boxd.it/118m,3
2025-06-19,"You're a Good Man, Charlie Brown",1985,https://boxd.it/BEc,4
2025-06-19,Hot Wheels AcceleRacers: Ignition,2005,https://boxd.it/2nGW,3
2025-06-19,Hot Wheels AcceleRacers: The Speed of Silence,2005,https://boxd.it/13aO,3
2025-06-19,Hot Wheels AcceleRacers: Breaking Point,2005,https://boxd.it/13aY,3
2025-06-19,Hot Wheels AcceleRacers: The Ultimate Race,2005,https://boxd.it/7PO,3
2025-06-19,Oppenheimer,2023,https://boxd.it/wUow,2.5
2025-06-19,Batman Begins,2005,https://boxd.it/2aIg,2
2025-06-19,The Dark Knight Rises,2012,https://boxd.it/H3m,3
2025-06-19,Punch-Drunk Love,2002,https://boxd.it/20E4,4
2025-06-19,What Happens in Vegas,2008,https://boxd.it/1Zlq,1.5
2025-06-19,Juice,1992,https://boxd.it/1KK6,3.5
2025-06-19,Taxi,2004,https://boxd.it/1UMc,2
2025-06-19,Ratatouille,2007,https://boxd.it/27ww,4
2025-06-19,A Bug's Life,1998,https://boxd.it/1Yyy,3.5
2025-06-19,Monsters University,2013,https://boxd.it/bQm,3
2025-06-19,Central Station,1998,https://boxd.it/29RG,4.5
2025-06-19,"Lula, the Son of Brazil",2009,https://boxd.it/U1S,2
2025-06-20,Ghost Rider,2007,https://boxd.it/290M,3
2025-06-20,Little Miss Sunshine,2006,https://boxd.it/29EW,3.5
2025-06-20,The Adventures of Sharkboy and Lavagirl,2005,https://boxd.it/1Ozm,2
2025-06-20,But I'm a Cheerleader,1999,https://boxd.it/1CW4,4
2025-06-20,10 Things I Hate About You,1999,https://boxd.it/23AO,4
2025-06-20,The Mummy,1999,https://boxd.it/2a7a,3.5
2025-06-20,The Mask of Zorro,1998,https://boxd.it/1YVi,3
2025-06-20,Squid Game,2021,https://boxd.it/x1OG,1
2025-06-20,Finding Dory,2016,https://boxd.it/4aAA,3
2025-06-20,Fury,2014,https://boxd.it/6JwC,3.5
2025-06-20,Last Holiday,2006,https://boxd.it/1IKI,3.5
2025-06-20,Isle of Flowers,1989,https://boxd.it/POU,5
2025-06-20,Song of Avignon,1998,https://boxd.it/8BmI,5
2025-06-20,The Many Saints of Newark,2021,https://boxd.it/j356,2
2025-06-21,The Age of Swordfish,1955,https://boxd.it/4GWy,5
2025-06-21,A Nightmare on Elm Street,1984,https://boxd.it/2aw0,4
2025-06-21,A Nightmare on Elm Street Part 2: Freddy's Revenge,1985,https://boxd.it/1XiE,4
2025-06-21,A Nightmare on Elm Street 3: Dream Warriors,1987,https://boxd.it/1X9W,4
2025-06-21,Wes Craven's New Nightmare,1994,https://boxd.it/1TsU,5
2025-06-21,A Nightmare on Elm Street 4: The Dream Master,1988,https://boxd.it/1X0U,4
2025-06-21,A Nightmare on Elm Street: The Dream Child,1989,https://boxd.it/1WWe,3.5
2025-06-21,Freddy's Dead: The Final Nightmare,1991,https://boxd.it/1Uea,3
2025-06-21,Pokémon: The First Movie,1998,https://boxd.it/1WLA,3
2025-06-21,Pokémon the Movie 2000,1999,https://boxd.it/1RBU,2.5
2025-06-21,Pokémon: Mewtwo Returns,2000,https://boxd.it/19yi,3
2025-06-21,Pokémon Heroes,2002,https://boxd.it/1eHE,3
2025-06-21,Pokémon 4Ever,2001,https://boxd.it/1RBK,3
2025-06-21,Scream 2,1997,https://boxd.it/24Es,3.5
2025-06-21,Scream 3,2000,https://boxd.it/24Ei,3
2025-06-24,The Princess Diaries,2001,https://boxd.it/1XCO,3
2025-06-24,Dirty Dancing,1987,https://boxd.it/2baY,2.5
2025-06-24,The Pursuit of Happyness,2006,https://boxd.it/28PE,2
2025-06-25,O Paradoxo da Espera do Ônibus,2007,https://boxd.it/giWo,4
2025-06-25,The Curious Case of Benjamin Button,2008,https://boxd.it/23Fk,2.5
2025-06-25,Gravity,2013,https://boxd.it/GZY,3
2025-06-25,The Tree of Life,2011,https://boxd.it/1Zu8,3.5
2025-06-25,Million Dollar Baby,2004,https://boxd.it/2bdI,5
2025-06-28,The Astronomer's Dream,1898,https://boxd.it/3yr6,3
2025-06-29,John Wick,2014,https://boxd.it/7dEc,3
2025-06-30,Unforgiven,1992,https://boxd.it/6Z4,5
2025-06-30,In the Mood for Love,2000,https://boxd.it/29tE,5
2025-07-05,Persona,1966,https://boxd.it/29B4,5
2025-07-07,Bicycle Thieves,1948,https://boxd.it/23hW,5
2025-07-08,VIPs: Histórias Reais de um Mentiroso,2010,https://boxd.it/2zAm,3.5
2025-07-08,Freddy vs. Jason,2003,https://boxd.it/21FC,2.5
2025-07-08,Alvin and the Chipmunks,2007,https://boxd.it/21E0,3
2025-07-08,Alvin and the Chipmunks: The Squeakquel,2009,https://boxd.it/1zgk,1.5
2025-07-08,Alvin and the Chipmunks: Chipwrecked,2011,https://boxd.it/s9E,1.5
2025-07-08,Jumanji,1995,https://boxd.it/1ZLI,2
2025-07-08,The Unchanging Sea,1910,https://boxd.it/5JDc,5
2025-07-08,In Too Deep,1999,https://boxd.it/1ALy,3
2025-07-10,Mean Streets,1973,https://boxd.it/2aSU,2.5
2025-07-11,Cry Macho,2021,https://boxd.it/s9z0,4.5
2025-07-11,Strays,2023,https://boxd.it/ynGQ,3
2025-07-11,Crash,1996,https://boxd.it/29n2,5
2025-07-12,Get Rich or Die Tryin',2005,https://boxd.it/1XbS,3.5
2025-07-12,Scarface,1983,https://boxd.it/2b7g,4.5
2025-07-12,RoboCop 2,1990,https://boxd.it/22Wk,2
2025-07-15,Close,2022,https://boxd.it/y4qa,3
2025-07-20,No Country for Old Men,2007,https://boxd.it/21ew,2.5
2025-07-24,Pocahontas,1995,https://boxd.it/1W2g,4
2025-07-24,Dumbo,1941,https://boxd.it/1U2o,4
2025-07-24,101 Dalmatians,1996,https://boxd.it/1TgO,4
2025-07-24,Perfect Blue,1997,https://boxd.it/1W7A,4
2025-08-17,Midnight in Paris,2011,https://boxd.it/i4a,3.5
2025-08-19,Real Steel,2011,https://boxd.it/147m,3
2025-08-29,Chime,2024,https://boxd.it/KiS2,4
2025-08-31,Paths of Glory,1957,https://boxd.it/29b6,4.5
2025-09-05,Nobody 2,2025,https://boxd.it/C5Lc,3.5
2025-09-06,Bloodsport,1988,https://boxd.it/1Tee,2.5
2025-09-06,Hard Target,1993,https://boxd.it/27Ck,3
2025-09-06,Street Fighter,1994,https://boxd.it/1ThW,2
2025-09-06,Universal Soldier,1992,https://boxd.it/1YUa,1.5
2025-09-06,Kickboxer,1989,https://boxd.it/1WMy,3
2025-09-06,Kung Fu Panda 2,2011,https://boxd.it/G36,3
2025-09-06,Hero,2002,https://boxd.it/2bcq,3
2025-09-06,Romeo Must Die,2000,https://boxd.it/27tC,2
2025-09-06,The One,2001,https://boxd.it/1Vni,2
2025-09-06,The Way of the Dragon,1972,https://boxd.it/1YCq,3
2025-09-09,Batman,1989,https://boxd.it/2aIU,3.5
2025-09-09,Hotel for Dogs,2009,https://boxd.it/1MEa,1
2025-09-09,Elektra,2005,https://boxd.it/1XsE,1
2025-09-09,Meet Dave,2008,https://boxd.it/1Uf8,2
2025-09-09,Kangaroo Jack,2003,https://boxd.it/1VMM,2.5
2025-09-09,When in Rome,2002,https://boxd.it/14by,2
2025-09-09,Get Smart's Bruce and Lloyd Out of Control,2008,https://boxd.it/1M3o,2
2025-09-09,The Jungle Book 2,2003,https://boxd.it/1NcQ,2.5
2025-09-09,Dragon Ball Z: Wrath of the Dragon,1995,https://boxd.it/14s0,3
2025-09-09,Dragon Ball Z: Fusion Reborn,1995,https://boxd.it/14sa,3
2025-09-09,Dragon Ball Z: Broly - The Legendary Super Saiyan,1993,https://boxd.it/1dTu,3
2025-09-09,Tarzan II,2005,https://boxd.it/1LNU,2.5
2025-09-09,Doctor Dolittle,1998,https://boxd.it/25RM,2.5
2025-09-09,Tarzan & Jane,2002,https://boxd.it/1PDu,3
2025-09-09,Men in Black II,2002,https://boxd.it/2a0y,3
2025-09-09,Jackass 2.5,2007,https://boxd.it/1OEw,2.5
2025-09-09,"Me, Myself & Irene",2000,https://boxd.it/27nY,3
2025-09-09,The Lion King II: Simba's Pride,1998,https://boxd.it/1XWu,2.5
2025-09-09,Dragon Ball: Mystical Adventure,1988,https://boxd.it/3STk,3
2025-09-09,Dragon Ball Z: Bardock - The Father of Goku,1990,https://boxd.it/13WS,3.5
2025-09-09,The Legend of Zorro,2005,https://boxd.it/28nq,2.5
2025-09-10,Beverly Hills Cop,1984,https://boxd.it/2baE,2.5
2025-09-10,E.T. the Extra-Terrestrial,1982,https://boxd.it/2a1G,3.5
2025-09-10,How to Train Your Dragon,2010,https://boxd.it/1WRy,4
2025-09-10,The Hangover,2009,https://boxd.it/1GjK,3.5
2025-09-12,Absolute Power,1997,https://boxd.it/2bem,3.5
2025-09-13,The Matrix,1999,https://boxd.it/2a1m,3.5
2025-09-13,The Hunchback of Notre Dame,1996,https://boxd.it/1VZQ,2.5
2025-09-13,The Hunchback of Notre Dame,1939,https://boxd.it/1ixo,3.5
2025-09-13,Pale Rider,1985,https://boxd.it/1ZGy,3
2025-09-16,Police Academy,1984,https://boxd.it/1YWg,3
2025-09-16,Heat,1995,https://boxd.it/2bg8,5
2025-09-17,Golden Parable,1955,https://boxd.it/4H3u,4
2025-09-18,Fantasia,1940,https://boxd.it/29HG,4
2025-09-29,Chuck Billy and The Marvelous Guava Tree,2024,https://boxd.it/zhi6,4
2025-10-06,Inside Out,2015,https://boxd.it/4KHC,4.5
2025-10-08,Inside Out 2,2024,https://boxd.it/CFrC,2.5
2025-11-01,The Last of the Mohicans,1992,https://boxd.it/1YSo,3
2025-11-07,The Untouchables,1987,https://boxd.it/2b6i,4.5
2025-11-07,Passengers,2016,https://boxd.it/8lFu,2.5
2025-11-10,(500) Days of Summer,2009,https://boxd.it/1EmM,3
2025-11-14,The Fantastic 4: First Steps,2025,https://boxd.it/mP6C,1.5
2025-11-23,Hellboy II: The Golden Army,2008,https://boxd.it/1Ug6,2
2025-11-30,White Chicks,2004,https://boxd.it/1SpK,3.5
2025-12-07,Stans,2025,https://boxd.it/LlvW,3.5
2025-12-09,Enough Said,2013,https://boxd.it/6fQC,4
2025-12-10,The Irishman,2019,https://boxd.it/dYOq,3.5
2025-12-10,Lethal Weapon 2,1989,https://boxd.it/29dQ,2.5
2025-12-10,Lethal Weapon 3,1992,https://boxd.it/29dG,2
2025-12-10,Lethal Weapon 4,1998,https://boxd.it/29dw,2
2025-12-10,Lethal Weapon,1987,https://boxd.it/29e0,3
2025-12-10,Double Team,1997,https://boxd.it/1YLs,3
2025-12-10,The Return of Jafar,1994,https://boxd.it/1L6G,2
2025-12-10,The Fire Within: A Requiem for Katia and Maurice Krafft,2022,https://boxd.it/AUFg,5
2025-12-11,Seventh Code,2013,https://boxd.it/7kC8,4
2025-12-11,No Half Measures: Creating the Final Season of Breaking Bad,2013,https://boxd.it/72Yg,5
2025-12-12,Rocky,1976,https://boxd.it/28Uk,4
2025-12-12,Rumble in the Bronx,1995,https://boxd.it/1fi6,3.5
2025-12-12,Problem Child,1990,https://boxd.it/1UH2,3
2025-12-12,Cry-Baby,1990,https://boxd.it/1XRa,2.5
2025-12-12,Vampire in Brooklyn,1995,https://boxd.it/1SoW,3
2025-12-12,Dolemite Is My Name,2019,https://boxd.it/je6E,3
2025-12-12,The Nutty Professor,1996,https://boxd.it/1YXI,2.5
2025-12-12,Coming to America,1988,https://boxd.it/1Ygu,4
2025-12-12,A Tale of Winter,1992,https://boxd.it/1WJO,5
2025-12-12,Dona Flor and Her Two Husbands,1976,https://boxd.it/Xpo,4
2025-12-12,Federal Bank Heist,2011,https://boxd.it/2o6q,2
2025-12-13,The Angel Was Born,1969,https://boxd.it/33DU,3
2025-12-14,The Clown,2011,https://boxd.it/2MEc,4
2025-12-16,2 Fast 2 Furious,2003,https://boxd.it/2a4g,3
2025-12-16,Fast & Furious,2009,https://boxd.it/1Pnm,3
2025-12-16,Fast Five,2011,https://boxd.it/BgO,2
2025-12-16,F9,2021,https://boxd.it/dqsU,2
2025-12-16,Fast X,2023,https://boxd.it/drIu,1
2025-12-17,Hollow Man,2000,https://boxd.it/1YP0,4
2025-12-17,Total Recall,1990,https://boxd.it/29qK,4
2025-12-17,Vicky Cristina Barcelona,2008,https://boxd.it/23rW,3
2025-12-17,Blue Jasmine,2013,https://boxd.it/50MI,3.5
2025-12-18,Troy,2004,https://boxd.it/29TW,3
2025-12-22,The Prestige,2006,https://boxd.it/293w,3.5
2025-12-26,A Charlie Brown Christmas,1965,https://boxd.it/1QDq,4.5
2025-12-26,Home Alone,1990,https://boxd.it/29Fg,4.5
2025-12-29,The Mule,2018,https://boxd.it/idcY,4.5
2025-12-29,Aliens,1986,https://boxd.it/29PA,2.5
2025-12-29,Ghosts of the Abyss,2003,https://boxd.it/1wDq,3
2025-12-31,Vertigo,1958,https://boxd.it/2apI,5
2026-01-02,Eyes Wide Shut,1999,https://boxd.it/2axs,5
2026-01-03,2001: A Space Odyssey,1968,https://boxd.it/2bf0,5
2026-01-05,"White Hunter, Black Heart",1990,https://boxd.it/1oRY,3.5
2026-01-06,Snake Eyes,1998,https://boxd.it/1ZX0,4
2026-01-06,"Sorry, Baby",2025,https://boxd.it/JKNi,5
2026-01-07,Come and See,1985,https://boxd.it/1w9q,5
2026-01-08,A Summer's Tale,1996,https://boxd.it/183e,5
2026-01-10,Umberto D.,1952,https://boxd.it/29vg,5
2026-01-10,American Hustle,2013,https://boxd.it/5dz8,2.5
2026-01-10,Happy Feet Two,2011,https://boxd.it/2Om,3
2026-01-10,Magnolia,1999,https://boxd.it/2aze,4.5
2026-01-10,Boogie Nights,1997,https://boxd.it/23um,4
2026-01-10,Falling Down,1993,https://boxd.it/194M,3
2026-01-10,A Time to Kill,1996,https://boxd.it/28pc,3
2026-01-10,Liar Liar,1997,https://boxd.it/28sg,3
2026-01-10,Patch Adams,1998,https://boxd.it/1Wzk,3
2026-01-10,The Goonies,1985,https://boxd.it/1YVC,3.5
2026-01-10,Grown Ups,2010,https://boxd.it/169a,2.5
2026-01-10,The Breakfast Club,1985,https://boxd.it/27q4,3.5
2026-01-10,The Karate Kid,1984,https://boxd.it/27Wk,3
2026-01-11,Dune,2021,https://boxd.it/fA7G,1
2026-01-22,Deep End,1970,https://boxd.it/i8m,5
2026-01-22,The Naked Gun,2025,https://boxd.it/Da9k,3
2026-01-22,365 Days,2020,https://boxd.it/oJ9O,0.5
2026-01-23,Mufasa: The Lion King,2024,https://boxd.it/sE9C,1.5
2026-01-26,The Secret Agent,2025,https://boxd.it/KkUE,3.5
2026-01-28,Marty Supreme,2025,https://boxd.it/Off0,2
2026-01-28,Romeo and Juliet Get Married,2005,https://boxd.it/Fmm,1.5
2026-01-28,Rend Your Heart,2018,https://boxd.it/kkcK,3
2026-01-30,Frozen II,2019,https://boxd.it/aPvo,2.5
2026-02-01,Hamnet,2025,https://boxd.it/woVy,5
2026-02-03,The Bridges of Madison County,1995,https://boxd.it/29Os,5
2026-02-05,The Texas Chainsaw Massacre,2003,https://boxd.it/1YQs,2
2026-02-09,Mad Max: Fury Road,2015,https://boxd.it/2DjO,2.5
2026-02-10,Carlito's Way,1993,https://boxd.it/226e,4.5
2026-02-11,Fallen Leaves,2023,https://boxd.it/Bgew,4
2026-02-12,The Aviator's Wife,1981,https://boxd.it/1srq,4.5
2026-02-13,Céline,1992,https://boxd.it/44ac,5
2026-02-14,Zoolander,2001,https://boxd.it/1YMA,3
2026-02-16,The Piano Teacher,2001,https://boxd.it/2886,4
2026-02-16,A Quiet Place,2018,https://boxd.it/fVJQ,1.5
2026-02-16,A Quiet Place Part II,2020,https://boxd.it/iTx0,1.5
2026-02-17,Boyfriends and Girlfriends,1987,https://boxd.it/14C,5
2026-02-18,Monster House,2006,https://boxd.it/1Z2e,2
2026-02-18,Bad Lieutenant,1992,https://boxd.it/1Src,5
2026-02-18,Thelma & Louise,1991,https://boxd.it/28Ew,4
2026-02-19,Brother Bear,2003,https://boxd.it/1Xjs,4
2026-02-19,Popeye,1980,https://boxd.it/1U6q,2.5
2026-02-19,Never Back Down,2008,https://boxd.it/207E,1.5
2026-02-19,X-Men: The Last Stand,2006,https://boxd.it/1a5Q,1.5
2026-02-19,Big Momma's House,2000,https://boxd.it/1YgO,1.5
2026-02-19,The Girl Next Door,2004,https://boxd.it/1VSq,2
2026-02-19,The Little Mermaid,1989,https://boxd.it/1WYO,3
2026-02-19,Night Music,1986,https://boxd.it/48RY,3
2026-02-19,Pain & Gain,2013,https://boxd.it/4lp4,2
2026-02-19,The Happening,2008,https://boxd.it/200o,4
2026-02-20,Twenty Years Later,1984,https://boxd.it/33Oo,5
2026-02-21,Sentimental Value,2025,https://boxd.it/GwcG,1
2026-02-22,Monkey Trouble,1994,https://boxd.it/Z1y,2
2026-02-22,Lost Highway,1997,https://boxd.it/29Wc,4
2026-02-23,The Fault in Our Stars,2014,https://boxd.it/6BQa,1
2026-02-23,Pauline at the Beach,1983,https://boxd.it/1WC4,4
2026-02-26,Angels of the Night,1987,https://boxd.it/7Dhy,4.5
2026-02-27,Yu-Gi-Oh!,1998,https://boxd.it/u3RQ,4
2026-02-27,Yu☆Gi☆Oh!,1999,https://boxd.it/d9xI,3.5
2026-03-04,Pixote,1980,https://boxd.it/XCs,1.5
2026-03-05,The Arrival of a Train at La Ciotat,1896,https://boxd.it/2aZw,5
2026-03-05,Workers Leaving the Lumière Factory,1895,https://boxd.it/29EM,4
2026-03-05,The Sprinkler Sprinkled,1895,https://boxd.it/2Slq,4.5
2026-03-05,Serpentine Dance,1897,https://boxd.it/54si,3
2026-03-06,Dreams,1990,https://boxd.it/1ROu,5
2026-03-07,Little Sea Death,2024,https://boxd.it/Nj44,4
2026-03-07,Train Dreams,2025,https://boxd.it/LdDo,2
2026-03-08,Before Sunrise,1995,https://boxd.it/2bcU,3.5
2026-03-08,Aquaman,2018,https://boxd.it/9ru0,2
2026-03-08,Fantastic Four,2015,https://boxd.it/5a9c,0.5
2026-03-08,Spider-Man: No Way Home,2021,https://boxd.it/nwRw,1.5
2026-03-08,Jumanji: Welcome to the Jungle,2017,https://boxd.it/bUeE,2
2026-03-09,Before Sunset,2004,https://boxd.it/2bcg,4
2026-03-10,A Perfect World,1993,https://boxd.it/1Yng,5
2026-03-11,Where Is the Friend's House?,1987,https://boxd.it/ELg,5
2026-03-12,Same Old West,2024,https://boxd.it/OapE,2.5
2026-03-12,My Friend Nietzsche,2012,https://boxd.it/cNi2,3
2026-03-12,Cold Tropics,2009,https://boxd.it/5wXS,4
2026-03-12,La Jetée,1962,https://boxd.it/29Sk,5
2026-03-13,Once Upon a Time in the West,1968,https://boxd.it/2az4,5
2026-03-14,Sinners,2025,https://boxd.it/KQMM,1.5
2026-03-14,Forevergreen,2025,https://boxd.it/UQs8,3
2026-03-15,Kingdom of the Planet of the Apes,2024,https://boxd.it/ohEE,3.5
2026-03-18,Stellar,1993,https://boxd.it/48Ra,4
2026-03-20,Zombio,1999,https://boxd.it/6qZ6,2
2026-03-20,Brain Waste from Outer Space,1992,https://boxd.it/xJts,3
2026-03-20,Bully for Bugs,1953,https://boxd.it/1d3S,4
2026-03-20,Haredevil Hare,1948,https://boxd.it/2WLW,3
2026-03-20,Inki and the Lion,1941,https://boxd.it/6Y7i,3
2026-03-20,Rabbit Fire,1951,https://boxd.it/x4u,4
2026-03-20,Scaredy Cat,1948,https://boxd.it/2YGO,4
2026-03-21,The Next Karate Kid,1994,https://boxd.it/1Uja,2
2026-03-21,Batman: Mask of the Phantasm,1993,https://boxd.it/1N6S,3
2026-03-21,Spy Kids,2001,https://boxd.it/1Xcw,2.5
2026-03-21,Night at the Museum,2006,https://boxd.it/28wi,2.5
2026-03-21,Eragon,2006,https://boxd.it/26Fs,0.5
2026-03-21,Seven Pounds,2008,https://boxd.it/1U8w,2
2026-03-21,Angels & Demons,2009,https://boxd.it/1Q9K,2
2026-03-21,The Proposal,2009,https://boxd.it/1HiS,2
2026-03-21,Pirates of the Caribbean: On Stranger Tides,2011,https://boxd.it/27Z4,2
2026-03-21,Ted,2012,https://boxd.it/2pgc,1
2026-03-21,Captain Phillips,2013,https://boxd.it/3GPK,3
2026-03-21,Non-Stop,2014,https://boxd.it/6FtO,2
2026-03-21,Spectre,2015,https://boxd.it/6bXY,1
2026-03-22,Taste of Cherry,1997,https://boxd.it/1m8W,4.5
2026-03-22,Playing,2007,https://boxd.it/33Oe,5
2026-03-23,Le Bonheur,1965,https://boxd.it/xyk,4
2026-03-23,My Night at Maud's,1969,https://boxd.it/Hwo,4
2026-03-24,Phenomena,1985,https://boxd.it/1o4s,4
2026-03-24,Between Shores,2026,https://boxd.it/11sYS,4
2026-03-25,Airplane!,1980,https://boxd.it/29yu,4
2026-03-25,Top Secret!,1984,https://boxd.it/1ZSE,3.5
2026-03-25,Hot Shots!,1991,https://boxd.it/1YhC,3
2026-04-03,"São Paulo, Incorporated",1965,https://boxd.it/2BaA,5
2026-04-03,Thunderbolt and Lightfoot,1974,https://boxd.it/20jK,5
2026-04-12,The Nightshifter,2018,https://boxd.it/iH54,3
2026-04-13,Portrait of a Young Girl at the End of the 60s in Brussels,1994,https://boxd.it/462a,4
2026-04-19,Inception,2010,https://boxd.it/1skk,2
2026-04-20,"Paris, Texas",1984,https://boxd.it/29Ts,4
2026-04-23,The Green Ray,1986,https://boxd.it/t8W,5
2026-04-24,The Searchers,1956,https://boxd.it/25HC,5
2026-04-24,"Duck, You Sucker",1971,https://boxd.it/2ayU,5
2026-04-26,Dirty Harry,1971,https://boxd.it/299E,4
2026-04-27,The Secret Life of Pets,2016,https://boxd.it/aJ5E,3
2026-05-02,Miroirs No. 3,2025,https://boxd.it/IH3Y,2
2026-05-03,Babilônia 2000,2001,https://boxd.it/7v84,5
2026-05-05,A Special Day,1977,https://boxd.it/Xqc,5
2026-05-07,Thingu,2012,https://boxd.it/FyGQ,5
2026-05-09,Juno,2007,https://boxd.it/210a,4.5
2026-05-09,Casino,1995,https://boxd.it/2ads,4
2026-05-11,The Silence of the Lambs,1991,https://boxd.it/2aHW,4
2026-05-12,Four Adventures of Reinette and Mirabelle,1987,https://boxd.it/18QA,3.5
2026-05-17,"Life, and Nothing More…",1992,https://boxd.it/2WEc,5
2026-06-08,Rear Window,1954,https://boxd.it/2a6Q,5
2026-06-29,Opera,1987,https://boxd.it/1E2M,3.5
2026-07-02,A Fistful of Dollars,1964,https://boxd.it/2auo,3.5
2026-07-13,Love in the Afternoon,1972,https://boxd.it/1Svo,5
2026-07-13,Grizzly Man,2005,https://boxd.it/2ag2,4
2026-07-19,Claire's Knee,1970,https://boxd.it/26aO,4.5
2026-07-19,Women on the Verge of a Nervous Breakdown,1988,https://boxd.it/24GI,3.5
2026-07-20,Rope,1948,https://boxd.it/28yo,4
2026-07-27,Johnny Guitar,1954,https://boxd.it/1tyW,3
2026-08-02,Deep Red,1975,https://boxd.it/1E1E,5
2026-08-03,Blow-Up,1966,https://boxd.it/2966,4.5
2026-08-10,GoodFellas,1990,https://boxd.it/29FA,3
2026-08-10,Cruel Jaws,1995,https://boxd.it/2XiQ,1.5
2026-08-10,"Master, a Building in Copacabana",2002,https://boxd.it/gJK,4.5
2026-08-13,A Tale of Autumn,1998,https://boxd.it/1WJY,4
2026-08-17,Close-Up,1990,https://boxd.it/1m9q,5
