Date,Name,Year,Letterboxd URI,Rating,Rewatch,Review,Tags,Watched Date
2024-05-18,Society of the Snow,2023,https://boxd.it/6uIuoX,4.5,,"Uma das melhores experiências que já tive assistindo algo baseado em fatos reais. Mix de sensações do início ao fim. Roteiro e narração surpreendentes, e a edição é, sem dúvida, um dos maiores destaques — talvez o que eleva tanto a experiência. A única questão que me incomodou foi o último ato, que acontece de forma muito acelerada, especialmente considerando todo o desenvolvimento emocional construído até ali. Acredito que o resgate e suas consequências mereciam mais tempo de tela, mais elaboração, para que o impacto fosse completamente assimilado.",,2024-05-17
2024-08-12,Central Station,1998,https://boxd.it/75b3kr,4.5,,“Tenho saudade de tudo.”,,2024-08-11
2024-08-26,Get Out,2017,https://boxd.it/7bFQJp,4,,Se num fosse o final...,,2024-08-25
2024-09-17,La Haine,1995,https://boxd.it/7lmZRz,5,,"Ódio gerando mais ódio, como sempre.",,2024-09-16
2025-03-20,Ran,1985,https://boxd.it/9b8LF3,5,,"“O homem nasce chorando. E quando já chorou o suficiente, morre!”

Esse filme é a sétima arte no nível máximo que se pode chegar. É uma pintura em movimento.",,2025-03-20
2025-05-02,Mulholland Drive,2001,https://boxd.it/9zJAJN,5,,Nem tudo precisa ser entendido pra ser bom.,helene,2025-05-01
2025-05-04,Chungking Express,1994,https://boxd.it/9Bf3f9,5,,O hiperfoco em latas de abacaxi e aviãozinho de brinquedo,,2025-05-04
2025-05-26,Pom Poko,1994,https://boxd.it/9O9cgF,4,,"A primeira metade de Pom Poko tem um pacing ótimo. Tudo acontece na medida certa e a história prende. Já na segunda parte, o filme desacelera bastante e demora para passar uma mensagem que já estava clara. Mesmo assim, não chega a ser chato. Longe disso. Continua interessante e dá para sentir o peso do que tá sendo contado.
O que o filme mostra, no fim das contas, é que não importa o que os animais façam, eles sempre vão acabar sendo expulsos do lugar onde vivem. Se tentam se adaptar e viver em paz com os humanos, não adianta. Se resolvem lutar para manter seu espaço, também não dá certo. O final deixa isso bem claro: os humanos sempre vencem, e a natureza é quem perde.
É muito bonito, triste e honesto. Ele não tenta suavizar as coisas, e talvez por isso seja tão impactante. Mesmo com cenas engraçadas e leves, no fundo é sobre perda, adaptação forçada e um mundo que não para por ninguém. Dá um aperto ver que, no finalzinho, tudo vira concreto.",helene,2025-05-25
2025-05-28,A Fistful of Dollars,1964,https://boxd.it/9Plb5f,3.5,,"Visualmente, o filme é um espetáculo. A cinematografia é cheia de personalidade, com os close-ups característicos do Leone. A trilha sonora do Ennio Morricone é sensacional. É estranha, assobiada, minimalista e também cheia de personalidade, complementando a cinematografia. Os closes intensos, os silêncios prolongados antes dos duelos, a tensão construída nos olhares. Tudo isso é muito bem dirigido.
Gostei bastante da coreografia das gunfights, que são criativas, tensas e muito bem executadas. Cada confronto tem peso e é visualmente impactante, com uma ótima construção de suspense. A cena em que Joe rasteja para escapar (e se vingar) é especialmente tensa e visualmente marcante. É um dos pontos altos do filme, ao lado da atuação do Clint.
Ainda assim, mesmo com tantos méritos técnicos e estilísticos, o pacing às vezes pesa. A trama é simples, e em certos momentos a repetição e a falta de complexidade dramática fazem com que um filme de apenas 1h30 pareça mais longo do que realmente é.",,2025-05-27
2025-05-28,For a Few Dollars More,1965,https://boxd.it/9Pm0yR,4.5,,"O segundo filme da trilogia é, assim como <i>Por um Punhado de Dólares</i>, visualmente impressionante. Os close-ups marcantes, a trilha sonora envolvente, que traz a tensão e o clima uplifting que o filme precisa, além de mais uma atuação memorável do Clint. 
Desta vez, com a impecável performance de Lee Van Cleef como o coronel Mortimer, que dá vida ao personagem, estabelecendo uma química dinâmica com Clint e fortalecendo a interação entre os protagonistas. Essa relação contribui para tornar a narrativa ainda mais envolvente, com uma trama cheia de reviravoltas bem construídas e um drama que prende durante as mais de 2 horas de duração. Tudo isso reflete um claro aprendizado de Leone em relação ao filme anterior, evidenciado por uma escrita mais consistente, um design de produção cuidadoso e detalhado, personagens mais profundos e humanos, e um diretor visivelmente mais seguro e confiante em sua abordagem. 
Além disso, este é mais divertido que o antecessor. Começa e termina sem perder o ritmo, praticamente sem dar tempo para respirar. Ele mostra como o faroeste pode ser ao mesmo tempo estiloso e substancial.",,2025-05-27
2025-06-08,Ghost in the Shell,1995,https://boxd.it/9W9el5,4,,"""E para onde eu vou agora? Há uma rede vasta e sem limites.""
Essa pergunta ainda tá martelando na minha cabeça. É um filme sobre tecnologia, de alma, mas no fundo tá falando mesmo é de livre-arbítrio, de esperança num mundo onde tudo pode ser manipulado, e do medo de perder quem a gente é, ou pior, descobrir que nunca soube.",helene,2025-06-08
2025-06-15,Do the Right Thing,1989,https://boxd.it/a0oDuH,5,Yes,"Tudo aquilo que já tinha me impactado na primeira vez em que assisti ao filme ficou ainda mais evidente na segunda vez. <i>Do the Right Thing </i>começa com calor e leveza - parece só mais um dia comum no Brooklyn - e termina só com calor. A sensação é que, a cada novo ato, a fotografia vai ficando mais quente e sufocante. E isso vale pra tudo: os diálogos, os conflitos, as expressões dos personagens. No fim, o filme inteiro gira em torno do calor - o literal e o simbólico - e como ele afeta todo mundo.",,2025-06-14
2025-06-15,"The Good, the Bad and the Ugly",1966,https://boxd.it/a0qke5,5,,"O terceiro filme da trilogia eleva tudo a um patamar mais amplo e complexo. A cinematografia reforça a imensidão do Oeste, complementada pela melodia principal que nele ecoa. A narrativa se estrutura em micro arcos centrados nos três protagonistas, agora com a inclusão do Ugly, e é nessa dinâmica que o filme ganha vida. Cada pequena história, cada traição e aliança temporária funciona como um ciclo próprio de muita imprevisibilidade. Uma das minhas cenas favoritas é quando o Ugly procura o túmulo no cemitério, porque ali estão todos os elementos que fazem o filme funcionar: a tensão, a atmosfera e a trilha sonora quase hipnótica. As gunfights são ainda mais intensas e meticulosamente coreografadas, especialmente no confronto final.",,2025-06-14
2025-06-17,The Thing,1982,https://boxd.it/a21eDr,5,,"Os vínculos humanos, já fragilizados pelo isolamento e pelo medo, são completamente destruídos pela impossibilidade de reconhecer o outro. A única maneira de diferenciação entre os semelhantes é fisiológica: corpo & sangue se tornam os únicos que trazem a verdade.
O diretor não só cria um terror atmosférico inigualável, mas faz do desconforto algo quase filosófico: o que ainda nos torna humanos quando nem a nossa forma é confiável? A paranoia que se instala entre os personagens não é apenas uma resposta à ameaça externa, mas um reflexo da instabilidade da identidade. Neste caso, a ameaça não vem de fora, mas de dentro.",,2025-06-17
2025-06-20,Isle of Flowers,1989,https://boxd.it/a3kNfL,5,,"Antes de ser alimento, o tomate precisa ser mercadoria. E antes de alimentar um ser humano sem dinheiro, ele pode, legitimamente, ser dado a um porco. Não se trata de escassez, mas de prioridade. E a prioridade nunca é a dignidade. Quando até o resto de comida obedece às leis do mercado, e o consumo vem antes da fome, fica claro que o problema não é a falta, é o sistema.",,2025-06-19
2025-06-29,John Wick,2014,https://boxd.it/a9yUHp,3,,"<i>John Wick</i> tem coreografias excelentes e uma direção muito clean nas cenas de combate. A estrutura narrativa é simples e direta. O maior problema tá no uso do slow motion, que quebra o ritmo e pouco acrescenta visualmente. É eficaz como ação, mas essas escolhas estilísticas pontuais acabam comprometendo a fluidez do filme.",,2025-06-28
2025-06-30,Unforgiven,1992,https://boxd.it/aam5cP,5,,"<i>Os Imperdoáveis </i>subverte o faroeste clássico ao mostrar que heróis e vilões muitas vezes ocupam o mesmo lugar, e que não existe redenção sem culpa. Clint Eastwood, como de costume, domina a tela: atua com os olhos, com o corpo exausto, e até suas rugas carregam o passado que seu personagem tenta enterrar. É um faroeste realista e desencantado, onde a violência tem peso e matar deixou de ser glorioso. Algo que <i>The Sopranos</i> também faria com a máfia anos depois.",,2025-06-29
2025-06-30,In the Mood for Love,2000,https://boxd.it/aauC59,5,,"<i>In the Mood For Love</i> constrói tudo pelo que escolhe não mostrar. Nunca vemos o quarto de Chow, nem a casa de Chan. Só os espaços em comum - sala, cozinha - barulhentos, apertados. Quando os dois ficam juntos no quarto dele, o barulho quase desaparece. O espaço, antes caótico, vira respiro.
Os cônjuges também nunca aparecem de fato. São apenas vozes ou silhuetas de costas. Mesmo ausentes, ocupam os planos.
Chan se camufla nos cenários. Seus vestidos ecoam as cores das paredes e dos objetos, como se o ambiente a engolisse. Wong Kar-Wai filma por frestas, espelhos e corredores. O que move o filme tá nesses vazios. Nas pausas. No que nunca chega a acontecer.",helene,2025-06-30
2025-07-05,Persona,1966,https://boxd.it/adN2bb,5,,"Elisabet cala. Alma fala por ela. Aos poucos, as duas se fundem. Uma vira o reflexo da outra. O que começa como conversa vira um espelho — que não apenas reflete, mas distorce, multiplica e, como o copo que se parte no filme, se quebra. Não é só uma troca de vozes, é a perda do que as separa. Quem fala? Quem cala? Onde termina Elisabet e começa Alma?",,2025-07-05
2025-07-07,Bicycle Thieves,1948,https://boxd.it/afl9vJ,5,,"Antonio consegue um emprego. Mas precisa de uma bicicleta. Quando finalmente tem a bicicleta, ela é roubada. Sem ela, não pode trabalhar. Sai pelas ruas tentando encontrar o que perdeu. Anda, corre e se desespera. Mas o que importa mesmo está do lado dele o tempo todo: Bruno. O filho fica quieto, grudado. Bruno vê tudo: o cansaço do pai, a vergonha e a queda. Mas não solta sua mão.",,2025-07-07
2025-07-08,The Unchanging Sea,1910,https://boxd.it/ag2jIf,5,,O plano da filha recebendo o anel do namorado enquanto a mãe olha para o mar é lindo,,2025-07-08
2025-07-10,Mean Streets,1973,https://boxd.it/ahrpef,2.5,,"<i>Mean Streets</i> tem algumas boas ideias, e Scorsese já começa a experimentar com montagem, som e câmera - como na cena em que Charlie tá bêbado e a câmera tá presa no seu corpo. O problema é que a narrativa e o roteiro estão desconexos, fazendo o filme parecer estar apenas preocupado com a forma.
Os personagens me incomodaram muito, principalmente Charlie. Suas motivações parecem forçadas, e o conflito interno nunca realmente se desenvolve. A relação com Teresa é mal construída porque falta profundidade e química, tornando difícil entender seu papel no dilema de Charlie. Já a insistência dele em proteger Johnny soa meio sem sentido, já que o motivo dessa tolerância nunca fica claro.
Ainda assim, há momentos de alívio cômico que lembram o Scorsese dos filmes seguintes, dos quais eu gosto bastante.",,2025-07-10
2025-07-11,Cry Macho,2021,https://boxd.it/ahY15T,4.5,,"<i><b>Cry Macho</b> </i>entende que o destino, às vezes, se revela no percurso. É nessa jornada contida, marcada por silêncios e pequenos gestos, que o filme articula seu núcleo dramático. O vínculo entre Mike e Rafael é construído com muita sutileza e sem pressa.
O olhar de Clint para o México também chama atenção. Diferente do retrato estereotipado comum em produções americanas, aqui ele surge como um espaço possível de paz, de afeto e de recomeço.
Algumas escolhas de direção destoam um pouco da proposta mais contida do resto do filme, como a cena final com o Macho pulando na cabeça de Aurelio, que é quase cartunesca.
Ainda assim, é um filme extremamente sincero, com um Clint contemplativo, que valoriza mais esses pequenos gestos.",,2025-07-10
2025-07-11,Crash,1996,https://boxd.it/aiaoRb,5,,(emoji de foguinho),,2025-07-11
2025-07-15,Close,2022,https://boxd.it/al8MkN,3,,A primeira parte é muito melhor do que a segunda.,helene,2025-07-12
2025-07-20,No Country for Old Men,2007,https://boxd.it/aoL4Sh,2.5,,O Javier Bardem segura esse filme nas costas,,2025-07-19
2025-08-10,Stans,2025,https://boxd.it/aFIUqV,5,,stan4ever,helene,2025-08-09
2025-09-05,Nobody 2,2025,https://boxd.it/aYaya5,3.5,,"Enquanto eu amo o Bob Odenkirk e as cenas de luta são extremamente bem filmadas, eu não suporto esses slow motions exagerados",,2025-09-04
2025-09-12,Absolute Power,1997,https://boxd.it/b2FORd,3.5,,"Para além do thriller, <i>Absolute Power</i> é uma história humana sobre a relação entre pai e filha, simbolizada de forma belíssima pelo uso da luz e da sombra. Quando Luther tá sozinho, imerso em seu mundo de crime e isolamento, ele é frequentemente filmado nas sombras, como uma figura fantasmagórica. No entanto, nas cenas com Kate, ele emerge para a luz. Assim, o tema da redenção, recorrente na filmografia de Clint, se faz presente mais uma vez, inserido em uma narrativa que também opera como uma metáfora eficaz para a corrupção do sonho americano.",,2025-09-11
2025-09-13,Pale Rider,1985,https://boxd.it/b3i8Ir,3,,"O domínio de Clint Eastwood no uso de luz e sombra é uma de suas características mais evidentes nesse filme também. As montanhas são lindas, os momentos de suspense funcionam e o clímax também.
Ainda assim, o roteiro me incomodou um pouco. Por que o Padre ajuda aquelas pessoas? Pura bondade? É difícil criar uma conexão quando o personagem principal não estabelece nenhuma relação genuína com ninguém. A dinâmica com a garota de 15 anos, que se joga para ele (e quase é estuprada), e com a mãe dela, que também o ama, é completamente desnecessária. Também acho que nenhum outro personagem além do Clint se destaca – talvez com exceção do LaHood",,2025-09-12
2025-09-16,Heat,1995,https://boxd.it/b5nQrd,5,,"Enquanto o personagem de De Niro planeja, o de Al Pacino o persegue, em um jogo onde um constrói a equipe perfeita apenas para que o outro a desfaça. Ambos são profissionais metódicos, cujas vidas se resumem ao ofício, sendo a vida pessoal o preço que pagam. Mas eles não são apenas inimigos, são o reflexo um do outro em lados opostos da lei, partilhando a mesma dedicação, o mesmo código e a mesma solidão que afasta quem eles amam. Um tem uma regra de 30 segundos para largar tudo, enquanto o outro já largou a própria vida sem perceber. Isso fica evidente quando se sentam em um café, frente a frente, e ali são apenas homens. A conversa não é um interrogatório, mas um reconhecimento, um espelho que revela o mesmo vazio. Eles sabem que precisam destruir um ao outro e, ao mesmo tempo, que se entendem como ninguém mais, fazendo da perseguição o que os une e o que os levará ao fim. É nesse complexo espelhamento que a química entre os dois atores se intensifica ainda mais.",,2025-09-15
2025-09-29,Chuck Billy and The Marvelous Guava Tree,2024,https://boxd.it/bcyX9v,4,,GOIABEURA,helene,2025-09-27
2025-11-07,The Untouchables,1987,https://boxd.it/bCuQeT,4.5,,Never stop fighting 'till the fight's done.,,2025-11-06
2025-11-14,The Fantastic 4: First Steps,2025,https://boxd.it/bHE0Ol,1.5,,"É bizarro como nada nesse filme tem tempo para respirar. As cenas simplesmente acontecem, uma atrás da outra, sem peso
",,2025-11-13
2025-12-10,The Fire Within: A Requiem for Katia and Maurice Krafft,2022,https://boxd.it/bZWyHr,5,,"Quando Herzog se cala e deixa a música guiar, é como se ele dissesse: não há palavras para isso, apenas olhe.",,2025-12-10
2025-12-12,A Tale of Winter,1992,https://boxd.it/c19myR,5,,"O que não tá presente ocupa a tela o tempo todo. A espera de Félicie é tão forte que o ausente parece caminhar com ela. Charles parece estar fisicamente em cena. 
Ela oscila entre a dúvida e a devoção. Mas sua indecisão com os outros pretendentes serve apenas para provar que o amor é uma escolha absoluta.",,2025-12-12
2025-12-26,Home Alone,1990,https://boxd.it/cezYhX,4.5,Yes,"Joe Pesci, eu te amo",helene,2025-12-25
2025-12-29,The Mule,2018,https://boxd.it/chSwij,4.5,,Mesmo velho idoso ancião coroa caduco jurássico ele ainda é o Clint Eastwood.,,2025-12-28
2026-01-06,"Sorry, Baby",2025,https://boxd.it/ctNVzn,5,,"A vida anda após algo ruim, e a narrativa entende esse ritmo. O trauma existe, mas o cotidiano continua. É essa facilidade em alternar o peso da tragédia com o andar da vida que torna a experiência tão fluida.",,2026-01-05
2026-01-07,Come and See,1985,https://boxd.it/cuT44n,5,,Nunca mais vou ser o mesmo depois desse filme. Inesquecível. Me sinto vazio.,,2026-01-06
2026-01-10,Umberto D.,1952,https://boxd.it/cyktjD,5,,"<a href=""https://www.youtube.com/watch?v=_CkOxSR6l20"">Miséria.</a>",helene,2026-01-09
2026-01-22,Deep End,1970,https://boxd.it/cLruVf,5,,"Verde → vermelho
Ingenuidade → obsessão",helene,2026-01-22
2026-01-28,Marty Supreme,2025,https://boxd.it/cRREhl,2,,"<b><i>Marty Supreme</i></b> é um filme indeciso, que se perde em subplots ruins e num lado político totalmente subdesenvolvido. Fica a sensação de que cada cena foi calculada apenas para chocar e garantir indicações em premiações, mas sem o compromisso de concluir seus próprios arcos. É uma agressividade estética que tenta esconder uma narrativa que não tem nada de novo a dizer além de expor um personagem puramente narcisista (até mesmo com um cachorro pqp).
A direção tenta compensar essa falta de propósito com o caos. É uma montagem frenética que abusa de closes em espaços apertados. Praticamente não existem planos abertos, com exceção das partidas de tênis de mesa, que são bem filmadas e funcionam quase como uma metáfora para o ritmo hiperestimulante do filme. Esse excesso de planos apertados e cortes, junto com a trilha sonora, lembra até uma edit de TikTok. Além disso, existe um cinismo ridículo no texto, especialmente na tentativa lastimável de vilanizar o oponente japonês. O filme espera que a gente torça pelo americano apenas por ele ser americano, como se a ambição do personagem de Timothée fosse mais importante que a ética ou o amor pelo esporte.
Mas nem tudo é terrível. A conexão entre o Timothée e o Tyler, the Creator é muito boa. Eles entregam uma química com a qual a narrativa não consegue estar no mesmo ritmo. E tem o cachorrinho...",,2026-01-27
2026-02-01,Hamnet,2025,https://boxd.it/cVJNft,5,,Um filme que compreende a própria linguagem.,helene,2026-01-31
2026-02-11,Fallen Leaves,2023,https://boxd.it/d5csUp,4,,"<blockquote>— Estou deprimido.
— Por quê?
— Porque bebo demais.
— Então por que você bebe?
— Porque estou deprimido.</blockquote>",,2026-02-11
2026-02-12,The Aviator's Wife,1981,https://boxd.it/d5W5gN,4.5,,"<i><b>The Aviator's Wife</b></i> se organiza na transição entre a intimidade dos interiores, como o apartamento de Anne, e a amplitude dos espaços públicos de Paris. É nesse tipo de espaço, no metrô, que a investigação começa.
A investigação pelas ruas e pelo ônibus faz o François ganhar densidade através de sua vontade de projetar uma lógica em tudo o que vê. Rohmer o mostra perdido em dramas e ficções que ele mesmo cria, enquanto os outros ao redor agem como meros figurantes em uma vida que se cruza por puro acaso.
E é nessa lógica de encontros e observações que a sequência do parque se inicia. A decupagem fica mais incisiva, com a câmera se posicionando de um jeito que parece que estamos investigando o François e a Lucie enquanto eles investigam o aviador. O aviador e sua mulher viram o ponto de foco enquanto François e Lucie orbitam ao redor deles. Essa dinâmica mostra uma lógica obsessiva e, como em <i>Vertigo</i>, coloca em reflexão o próprio ato de observar a vida do outro. As pessoas aleatórias no parque olham os personagens, que observam outros personagens e que são todos observados por nós. Além disso, revela que a conexão entre François e Lucie só existe enquanto a investigação dura. Uma vez que o mistério perde o sentido, o vínculo se dissolve.
Passada a investigação, o diálogo final no apartamento de Anne é muito foda. Rohmer usa a câmera para rastrear o ""empurra e puxa"" indeciso entre os corpos e as vontades dos dois, capturando todas as nuances da falha de comunicação onde Anne transita entre o riso e a rejeição. Nessa oscilação que fica claro que os dois são cheios de contradições, vivendo nesse vaivém de se explicar e duvidar de si mesmos ao mesmo tempo.",helene,2026-02-11
2026-02-13,Céline,1992,https://boxd.it/d6HRlb,5,,"Céline e Geneviève são constantemente filmadas em ambientes onde a escuridão parece cercá-las, mas no fim sempre há uma luz, como no ditado de que sempre há uma luz no fim do túnel. Brisseau constrói um visual onírico próximo de <i>Mulholland Drive</i> no aspecto do sonho. As <a href=""https://imgbox.com/jZpsIB2m"" rel=""nofollow"">sombras projetadas</a> pelos próprios corpos expõem o peso do que elas carregam. O filme se desprende da racionalidade para narrar o que tá por trás, focando na simetria de tudo o que é intangível. Brisseau sabe que não consegue capturar o transcendente por completo, então ele emula o inarticulável para provocar uma reação direta em quem assiste. É aí que fica claro que colocar todo o sentido da vida no outro é algo tão humano quanto frágil, já que quando alguém vai embora, parece que uma parte de nós morre junto.
É dentro desse vazio que o cuidado silencioso (e mútuo) surge como o único caminho, fazendo com que na montagem da cena dos movimentos de ioga, as duas pareçam se <a href=""https://imgbox.com/6KtYZNg4"" rel=""nofollow"">unir</a> realmente, como se os corpos se fundissem em um processo de cura compartilhada. A gente realmente consegue fazer o bem para o outro mesmo quando ainda estamos lidando com as nossas próprias feridas. 
Os cenários parecem um paraíso. A trilha sonora e o foco na natureza sugerem um plano espiritual que dialoga com essa atmosfera, fazendo com que o processo de melhora se intensifique na composição visual de quando a Celine lava as roupas velhas e a Geneviève tá fazendo uma camisa nova pra ela. O sujo se torna novo e materializa a cura, que deixa de ser apenas um conforto interno para se tornar uma manifestação milagrosa. No fim, a jornada não era apenas da Celine, pois quem realmente precisava de cura e encontrou sentido cuidando da outra foi a Geneviève.",,2026-02-13
2026-02-15,Sentimental Value,2025,https://boxd.it/d8F4a3,1,,"Existe um choro constante que acaba dando uma sensação de novela ao se apoiar de uma obsessão pelo rosto, o que se traduz em um excesso de closes e desfoques constantes no fundo. Isso faz com que espaços abertos como a praia sejam muito pouco aproveitados por conta de uma imposição visual de ""olha aqui para a cara do ator como ele tá emotivo"" o tempo todo. A técnica cansa muito rápido, ainda mais porque o ator que interpreta Gustav mantém exatamente a mesma expressão o tempo inteiro, o que torna essa tentativa de capturar mudanças sutis algo vazio e (pasmem) repetitivo.
A iluminação em várias cenas incomoda bastante. Entendo a busca pela melancolia e pelo tom contemplativo, mas a falta de luz te obriga a fazer esforço para enxergar o rosto dos atores, remetendo muito a essa estética digital de filmes da Netflix. As falas são vazias e vivem se autoexplicando, o que torna a obra (pasmem de novo) repetitiva, como se estivesse quase alcançando um ápice dramático apenas para diluir o próprio impacto logo em seguida.
Achei a cena que mostra a dismorfia entre os personagens principal legal. A sequência final, após a reforma da casa, também é muito bem executada e parece ser a única coisa que o diretor realmente sabia como lidar desde o começo.",helene,2026-02-15
2026-02-17,Boyfriends and Girlfriends,1987,https://boxd.it/daM0B7,5,,"<blockquote>""A arte é puro prazer. A contemplação me basta.""</blockquote>Essa fala de Blanche para Adrienne em um diálogo nos minutos finais sintetiza exatamente o que penso quando estou assistindo aos filmes de Rohmer. Quero contemplar seus filmes. São simples, de diálogos densos e com uma naturalidade absoluta, que passa longe de qualquer encenação mais carregada.
Em <b><i>Boyfriends and Girlfriends</i></b>, a decupagem apenas testemunha os encontros, permitindo que a geometria dos espaços emoldure, com seu rigor, a inconstância dos sentimentos. Essa naturalidade é tão presente quanto as cores que transitam por sua encenação. Azul, vermelho, verde, amarelo, branco. É um <a href=""https://imgbox.com/8tk0c2De"" rel=""nofollow""><b>cromatismo</b></a> orgânico, onde as cores circulam entre os quatro personagens e lhes dão vida. No fim das contas, a contemplação basta porque tudo, do texto à imagem, demonstra uma precisão formal muito nítida.",,2026-02-16
2026-02-19,The Green Ray,1986,https://boxd.it/dcI9zf,5,,"Amo como Rohmer filma o distanciamento da Delphine com as coisas e com ela mesma aqui. Essa sensação de não pertencer a lugar nenhum é conduzida por uma decupagem onde o tempo da espera parece mais importante que o desenrolar dos fatos.
A cena da praia, logo após ela ouvir sobre o fenômeno, é especialmente sufocante. Mesmo em um espaço aberto, a presença de tantos desconhecidos ao redor parece esmagar a protagonista. Se o convívio próximo já a cansava, a presença invasiva do desconhecido a esmaga por dentro. Todo esse desconforto serve para estreitar o caminho até o horizonte, onde a clareza do raio verde surge para validar sua intuição.",,2026-02-19
2026-02-20,Twenty Years Later,1984,https://boxd.it/ddzz2x,5,,"O fato de Eduardo Coutinho participar e atuar como um interlocutor presente enquanto escuta, ajuda e acolhe Elizabeth e sua família, como ao levar imagens dela para os filhos após anos de separação, é incrível e faz com que essa interação transforme o documentário em um dispositivo de proximidade, onde o diretor valida a verdade documental ao amparar a reconstrução da memória sem nunca se sobrepor à dor de Elizabeth e sua família.",,2026-02-20
2026-02-22,Lost Highway,1997,https://boxd.it/dfGNfx,4,,"<a href=""https://imgbox.com/3KFEQH09"">Prisão onírica</a>.",,2026-02-21
2026-02-23,Pauline at the Beach,1983,https://boxd.it/dgNH4V,4,,"Curto muito as rimas visuais que o Rohmer coloca nos filmes, como o portão se abrindo no início e se fechando no final, e me impressiona ainda mais em <b><i>Pauline at the Beach</i></b> como o diretor não toma partido e apenas mostra o desenrolar das ações com essa imparcialidade que é praticamente a marca dele.",,2026-02-23
2026-03-04,Pixote,1980,https://boxd.it/dnXZpb,1.5,,"Expor crianças a situações de violência sob o pretexto da arte é moralmente indefensável, principalmente porque a produção não deu suporte ao elenco não-profissional. Cenas como a da violência sexual explícita sofrida pelo menino no primeiro ato são o maior exemplo desse absurdo, o que torna esse filme intragável e injustificável. 
E como as atuações são fracas. É nítido que faltou preparo da direção para orientar tanto os jovens quanto os próprios atores de ofício, com exceção da Marília Pera, que também tão muito mal. Além disso, o filme se perde em uma narrativa que choca apenas pelo choque e reforça essa visão elitista de filme pra gringo ver. No fim, registrar essa crueldade sem pensar no impacto psicológico dos intérpretes é uma negligência ética e deixa de ser cinema.",,2026-03-03
2026-03-06,Dreams,1990,https://boxd.it/dpnfaF,5,,"Curto como o Kurosawa filma os próprios sonhos em <b><i>Dreams</i></b> e os deixa no ar, sem dar nenhuma explicação, para que a gente interprete os oito por ele. Sinto que até o alter ego dele em cena respeita essa ideia ao se colocar sempre como um ouvinte, o que projeta o espectador naquele lugar e faz com que o sonho dele passe a ser o <i>nosso</i>.",,2026-03-04
2026-03-08,Before Sunrise,1995,https://boxd.it/drarrF,3.5,,"Senti, muitas vezes, que a profundidade dos diálogos não ultrapassa a barreira diegética, ficando restrita ao recorte da cena e não me permitindo projetar a vida dos personagens para fora daquele espaço.",,2026-03-08
2026-03-09,Before Sunset,2004,https://boxd.it/dse7F5,4,,"Em<b><i> Before Sunset</i></b>, o foco se desloca para a fala da Céline, enquanto o Jesse assume uma postura de escuta. Diferente de <i>Before Sunrise</i>, que girava mais em torno da proposição do Jesse, aqui a narrativa prioriza a perspectiva dela.
O livro funciona como um dispositivo de síntese: como a versão dele já foi apresentada na própria obra, ele não precisa mais se explicar, então ela se torna a condutora do diálogo. O cenário em Paris reforça isso: o espaço é dela, e é ela quem guia o encontro.
A câmera acompanha esse trajeto em planos-sequência, destacando a reatividade do Jesse e confrontando a lembrança que ele guardou no papel com a complexidade da Céline do presente.",,2026-03-09
2026-03-10,A Perfect World,1993,https://boxd.it/dsYTyX,5,,"<blockquote><b>Butch Haynes:</b> Hey - have you ever ridden in a time machine before?  </blockquote><blockquote><b>Phillip Perry:</b> [shakes his head]  </blockquote><blockquote><b>Butch Haynes:</b> Well, sure you have - what do you think <i>this</i> is?  </blockquote><blockquote><b>Phillip Perry:</b> A car.  </blockquote><blockquote><b>Butch Haynes:</b> You're lookin' at this thing bass-ackward. This is a 20th-century time machine. I'm the captain...  </blockquote><blockquote><b>Butch Haynes:</b> And you're the navigator. Out there?  </blockquote><blockquote><b>Butch Haynes:</b> That's the future. And back there?  </blockquote><blockquote><b>Butch Haynes:</b> Well, that's the past. If life's moving too slow, and you wanna project yourself into the future? Just step on the gas, right here.  </blockquote><blockquote><b>Butch Haynes:</b> See?  </blockquote><blockquote><b>Butch Haynes:</b> If you wanna slow her down? Well, hell - you just step on the brake here, and you slow her down.  </blockquote><blockquote><b>Butch Haynes:</b> This is the present, Phillip. Enjoy it while it lasts.</blockquote>",,2026-03-09
2026-03-11,Where Is the Friend's House?,1987,https://boxd.it/dtF1lr,5,,"<i>Kiarostami</i> revela em Ahmed um herói (!) empático, bondoso, cuidadoso e altruísta, mas, acima de tudo, um ouvinte que ocupa o lugar de sensibilidade que os mais velhos abandonaram.
Ao colocar a flor que ganhou do idoso dentro do caderno do amigo, Ahmed realiza um ato de amor que ignora a exaustão e não se pergunta se o trajeto é tranquilo ou razoável, sustentando um compromisso que assumiu sozinho pra proteger outra criança que também perdeu a infância e indo até o fim só porque é realmente o certo a se fazer, enquanto o mundo ao redor insiste para ele desistir e voltar para casa.",,2026-03-10
2026-03-12,La Jetée,1962,https://boxd.it/dukXpj,5,,O sonho e a lembrança acabam sendo a mesma coisa.,,2026-03-12
2026-03-13,Once Upon a Time in the West,1968,https://boxd.it/duUU95,5,,"É emblemático que o personagem principal se chame Harmonica, pois o filme é tão harmônico quanto ele ao deixar que a gaita e (quase sempre) o silêncio ditem o tempo de cada plano.",,2026-03-12
2026-03-18,Stellar,1993,https://boxd.it/dzt4Mv,4,,"É tipo enxergar desenhos em nuvens, só que em alta velocidade. No meio de tanta pintura e movimento, o olho acaba projetando rostos e seres vivos que aparecem e somem num piscar de olhos…",,2026-03-18
2026-03-22,Playing,2007,https://boxd.it/dCWQ7b,5,,"Só de ligar a câmera, nada continua sendo 100% real. Há sempre uma performance, uma mentirinha, e dá pra ver isso logo de cara quando a Marília Pêra diz que, no choro de verdade, a pessoa tenta esconder a lágrima, enquanto outras mulheres desabam sem esconder nada, mostrando que o sentimento não tem um jeito certo de aparecer.",helene,2026-03-22
2026-03-24,Between Shores,2026,https://boxd.it/dEYP0P,4,,"Filmar a natureza exige sensibilidade. Filmar uma pessoa que dedica sua vida a ela, vivendo do rio, exige ainda mais sensibilidade; afinal, o que seria do Pai sem o seu Filho, a natureza?",,2026-03-24
2026-04-03,Thunderbolt and Lightfoot,1974,https://boxd.it/dNI03d,5,,"As composições, os movimentos (mesmo quando a câmera tá estática)... Lindo.",,2026-04-02
2026-04-13,Portrait of a Young Girl at the End of the 60s in Brussels,1994,https://boxd.it/dXjWx1,4,,"A cena da Michèle e do Paul entrando no quarto de bebê pela janela é foda demais. A câmera faz a janela parecer a passagem para um ventre, como se fosse um renascimento mesmo. É como se eles estivessem tentando voltar para o início de tudo pra apagar as marcas do passado e esse peso existencial que carregam. Voltar a ser bebê pra começar do zero.",,2026-04-12
2026-04-24,"Duck, You Sucker",1971,https://boxd.it/e5Qu8b,5,,"Se fala muito sobre o início de <i>Era Uma Vez no Oeste</i>, mas o primeiro ato de <b><i>Duck You Sucker</i></b> se tornou o meu favorito do Leone.",,2026-04-23
2026-04-25,Gran Torino,2008,https://boxd.it/e6xrrb,5,Yes,"<i><b>Gran Torino</b></i> é um dos filmes mais importantes da minha vida. Vi pela primeira vez numa aula no ensino médio e já revi diversas vezes, mas fazia algum tempo que não o via. Vi agora com meu pai.
É muito foda como o Clint trabalha a imagem da bandeira dos Estados Unidos nesse filme. Até o personagem dele realmente se tornar amigo do Thao, a bandeira aparece sempre acima ou ao lado dele. Depois que a amizade começa, ela quase desaparece. A partir dali o que importa são as pessoas, e não mais o que os EUA representava pra ele.
O domínio do Clint na luz e sombra aqui é muito foda também. Na cena em que seu personagem vai falar com o padre, logo depois de ver o que aconteceu com a Sue, o trabalho de sombra é absurdo. A escuridão no rosto dele reflete exatamente o que está sentindo e a decisão que ele já tomou pro ato final.",,2026-04-24
2026-05-03,Babilônia 2000,2001,https://boxd.it/edhW7d,5,,O que sobra é a esperança…,,2026-05-02
2026-05-12,Four Adventures of Reinette and Mirabelle,1987,https://boxd.it/ekywAb,3.5,,"A Hora Azul, o Raio Verde... estamos sempre buscando esses momentos.",,2026-05-11
2026-07-13,Love in the Afternoon,1972,https://boxd.it/fcB7wl,5,,"Rohmer filma a tentação com aquela naturalidade que lhe é própria, tratando-a não como um grande ""arrebatamento"", mas quase como uma distração na rotina de um burguês. A iminência da traição se confunde com a própria lógica do capitalismo, onde a cidade de Paris transforma o desejo em consumo, e as mulheres em imagens idealizadas por Frédéric. Os flertes com a Chloé acontecem justamente no ""horário comercial"", nos intervalos de uma vida confortável e estruturada, em que a ideia de trair vira uma fuga da ""burocracia"" do casamento. E é justamente essa naturalidade que sempre busco nos filmes dele...",,2026-07-12
2026-07-26,Boyfriends and Girlfriends,1987,https://boxd.it/fr3twf,5,Yes,"Revisto no CINUSP.

Melhor Rohmer.",helene,2026-07-25
2026-08-10,GoodFellas,1990,https://boxd.it/fJPhQP,3,Yes,"Rever filmes é importante mesmo. Tirando as ótimas atuações do elenco e alguns momentos isolados, como a cena cômica da lâmina de barbear na prisão, este aqui é um filme puramente tecnicista.",,2026-08-09
2026-08-13,A Tale of Autumn,1998,https://boxd.it/fNQk3f,4,,"A encenação de Rohmer é muito encantadora pelo modo como respeita o espaço da Magali. Ao enquadrar Magali de costas, virada para os vinhedos e quase sempre recuada no plano, ele evita expor a personagem. A posição do corpo em cena demonstra essa mistura de timidez e orgulho sem a necessidade de grandes discursos.",,2026-08-12
2026-08-19,Harry Potter and the Philosopher's Stone,2001,https://boxd.it/fUwV6j,3,Yes,<b>Visto na versão estendida.</b>,,2026-08-18
