Date,Name,Year,Letterboxd URI
2025-03-16,Breathless,1960,https://boxd.it/2aIK
2025-03-16,Through the Olive Trees,1994,https://boxd.it/Lx6
2025-03-16,The Mourning Forest,2007,https://boxd.it/27DM
2025-03-16,Yojimbo,1961,https://boxd.it/1SRY
2025-03-16,Sanjuro,1962,https://boxd.it/1TaQ
2025-03-16,High and Low,1963,https://boxd.it/1RSc
2025-03-16,Fallen Angels,1995,https://boxd.it/1UkW
2025-03-16,The Deer Hunter,1978,https://boxd.it/1T6O
2025-03-16,Chinatown,1974,https://boxd.it/29vU
2025-03-16,Those Whom Death Refused,1988,https://boxd.it/6tSW
2025-03-16,The Man Who Left His Will on Film,1970,https://boxd.it/3y0E
2025-03-16,Family Diary,1962,https://boxd.it/2Oke
2025-03-16,Citizen Kane,1941,https://boxd.it/71O
2025-03-16,Out of the Blue,1980,https://boxd.it/1456
2025-03-16,The Quiet Man,1952,https://boxd.it/25Iq
2025-03-16,Tokyo Story,1953,https://boxd.it/1HuY
2025-03-16,It's a Wonderful Life,1946,https://boxd.it/28xA
2025-03-16,12 Angry Men,1957,https://boxd.it/2auI
2025-03-16,Apocalypse Now,1979,https://boxd.it/6ZS
2025-03-16,The Man Who Shot Liberty Valance,1962,https://boxd.it/1Tdg
2025-03-17,"Rio, Northern Zone",1957,https://boxd.it/4F96
2025-03-17,Garden of War,1968,https://boxd.it/7bvC
2025-03-17,Love Streams,1984,https://boxd.it/zOk
2025-03-17,"Goodbye, Dragon Inn",2003,https://boxd.it/oFG
2025-03-17,Fort Apache,1948,https://boxd.it/18u0
2025-03-17,Portrait of a Lady on Fire,2019,https://boxd.it/jkPq
2025-03-17,"Jeanne Dielman, 23, quai du Commerce, 1080 Bruxelles",1975,https://boxd.it/T18
2025-03-19,Dogville,2003,https://boxd.it/2a8W
2025-03-20,Blow Out,1981,https://boxd.it/1TlE
2025-03-20,The 400 Blows,1959,https://boxd.it/2b1C
2025-03-20,8½,1963,https://boxd.it/2aqm
2025-03-20,Assault on the Pay Train,1962,https://boxd.it/33Qu
2025-03-20,Perfect Days,2023,https://boxd.it/ATh8
2025-03-20,Past Lives,2023,https://boxd.it/oNB8
2025-03-20,The Florida Project,2017,https://boxd.it/dMG0
2025-03-20,Harakiri,1962,https://boxd.it/1NTU
2025-03-20,Pather Panchali,1955,https://boxd.it/22yC
2025-03-20,Red Beard,1965,https://boxd.it/251m
2025-03-20,I Live in Fear,1955,https://boxd.it/1BOo
2025-03-20,Throne of Blood,1957,https://boxd.it/251w
2025-03-20,Seven Samurai,1954,https://boxd.it/2axi
2025-03-20,"Comrades, Almost a Love Story",1996,https://boxd.it/18QU
2025-03-20,A Brighter Summer Day,1991,https://boxd.it/1Luy
2025-03-20,Dersu Uzala,1975,https://boxd.it/1XRO
2025-03-20,Drive My Car,2021,https://boxd.it/sv94
2025-03-20,Early Summer,1951,https://boxd.it/E4G
2025-03-20,Late Spring,1949,https://boxd.it/1DkK
2025-03-20,Tokyo Twilight,1957,https://boxd.it/sq6
2025-03-20,Millennium Mambo,2001,https://boxd.it/1Tzw
2025-03-20,Woman of the Lake,1966,https://boxd.it/3xWW
2025-03-20,Ugetsu,1953,https://boxd.it/1NyM
2025-03-20,The Sword of Doom,1966,https://boxd.it/1EoS
2025-03-20,Sansho the Bailiff,1954,https://boxd.it/1Dkq
2025-03-20,Woman in the Dunes,1964,https://boxd.it/1JNS
2025-03-20,Pulse,2001,https://boxd.it/1s3y
2025-03-20,"Right Now, Wrong Then",2015,https://boxd.it/bWs4
2025-03-20,On the Beach at Night Alone,2017,https://boxd.it/fqEK
2025-03-20,Fajr,2017,https://boxd.it/fpAs
2025-03-20,The Bow,2005,https://boxd.it/27Ky
2025-03-20,Creepy,2016,https://boxd.it/dfd0
2025-03-20,Flow,2024,https://boxd.it/v1Ei
2025-03-22,Godard's Passion,1982,https://boxd.it/1gFK
2025-03-23,The People Under the Stairs,1991,https://boxd.it/1QMC
2025-03-30,All About My Mother,1999,https://boxd.it/2b9c
2025-04-02,The Cranes Are Flying,1957,https://boxd.it/169Y
2025-04-04,Buccaneer Soul,1993,https://boxd.it/5z5E
2025-04-04,Stromboli,1950,https://boxd.it/24Js
2025-04-05,Nights of Cabiria,1957,https://boxd.it/1F7e
2025-04-08,Miami Vice,2006,https://boxd.it/2bbW
2025-04-08,Collateral,2004,https://boxd.it/28F0
2025-04-08,Tale of Cinema,2005,https://boxd.it/31H6
2025-04-08,Nobody's Daughter Haewon,2013,https://boxd.it/50g8
2025-04-08,Goodbye to Language,2014,https://boxd.it/3PMA
2025-04-08,All Hands on Deck!,2020,https://boxd.it/oMoi
2025-04-08,In Water,2023,https://boxd.it/EKYU
2025-04-08,By the Stream,2024,https://boxd.it/Obv4
2025-05-03,Analyze This,1999,https://boxd.it/1Yr8
2025-05-04,Pierrot le Fou,1965,https://boxd.it/26j2
2025-05-04,A Bronx Tale,1993,https://boxd.it/28uQ
2025-05-05,Certified Copy,2010,https://boxd.it/IMW
2025-05-05,Histoire(s) du cinéma,1989,https://boxd.it/Mvuc
2025-05-05,His Girl Friday,1940,https://boxd.it/25M8
2025-05-05,The Apartment,1960,https://boxd.it/2aGE
2025-05-05,We Own the Night,2007,https://boxd.it/27F4
2025-05-05,Juror #2,2024,https://boxd.it/FRwU
2025-05-05,Memories of Murder,2003,https://boxd.it/1TSo
2025-05-05,Oldboy,2003,https://boxd.it/29R2
2025-05-05,Carrie,1976,https://boxd.it/20ZQ
2025-05-05,The Blues Brothers,1980,https://boxd.it/2adi
2025-05-05,Inside Llewyn Davis,2013,https://boxd.it/34Ro
2025-05-05,Angel Dust,1994,https://boxd.it/1esa
2025-05-05,Intimate Confessions of a Chinese Courtesan,1972,https://boxd.it/LTG
2025-05-05,Bullet in the Head,1990,https://boxd.it/1SNs
2025-05-05,Twilight of the Warriors: Walled In,2024,https://boxd.it/yNla
2025-05-05,The Ox-Bow Incident,1943,https://boxd.it/29ai
2025-05-06,Serpent's Path,1998,https://boxd.it/3wWc
2025-05-06,Cure,1997,https://boxd.it/1blA
2025-05-06,Eyes of the Spider,1998,https://boxd.it/22C
2025-05-06,Charisma,1999,https://boxd.it/2ogU
2025-05-06,Barren Illusion,1999,https://boxd.it/3xjq
2025-05-06,Séance,2000,https://boxd.it/1r4A
2025-05-06,When Harry Met Sally...,1989,https://boxd.it/29W2
2025-05-06,Stand by Me,1986,https://boxd.it/2aOe
2025-05-06,The Princess Bride,1987,https://boxd.it/26EY
2025-05-06,Misery,1990,https://boxd.it/28gY
2025-05-06,Trainspotting,1996,https://boxd.it/29XY
2025-05-06,East of Eden,1955,https://boxd.it/2aQE
2025-05-06,The Straight Story,1999,https://boxd.it/2ass
2025-05-06,Red Cliff,2008,https://boxd.it/1S6y
2025-05-06,Fake Blonde,2007,https://boxd.it/5eHM
2025-05-06,Cloud,2024,https://boxd.it/LhR0
2025-05-06,2046,2004,https://boxd.it/29tu
2025-05-06,Normal People,2020,https://boxd.it/q2VY
2025-05-06,Incendies,2010,https://boxd.it/Msm
2025-05-06,Battle Royale,2000,https://boxd.it/25zS
2025-05-06,"One Day, You Will Reach the Sea",2022,https://boxd.it/yNVi
2025-05-06,Entranced Earth,1967,https://boxd.it/qkU
2025-05-06,Ferrari,2023,https://boxd.it/cEtq
2025-05-06,Blue Velvet,1986,https://boxd.it/29BI
2025-05-06,Eraserhead,1977,https://boxd.it/299u
2025-05-06,The Elephant Man,1980,https://boxd.it/27LQ
2025-05-06,Monster,2023,https://boxd.it/DJEM
2025-05-06,Dog Day Afternoon,1975,https://boxd.it/29bg
2025-05-06,The Philadelphia Story,1940,https://boxd.it/29a8
2025-05-06,Spellbound,1945,https://boxd.it/24Ji
2025-05-06,Pet Sematary,1989,https://boxd.it/1ZBy
2025-05-06,Days of Wine and Roses,1962,https://boxd.it/1h4A
2025-05-07,Shame,1968,https://boxd.it/1tZo
2025-05-07,Autumn Sonata,1978,https://boxd.it/1Rio
2025-05-07,Wild Strawberries,1957,https://boxd.it/29ZU
2025-05-07,Scenes from a Marriage,1974,https://boxd.it/4kJC
2025-05-07,Céline and Julie Go Boating,1974,https://boxd.it/1sGA
2025-05-07,Le Samouraï,1967,https://boxd.it/22ZI
2025-05-09,Transit,2018,https://boxd.it/gUK6
2025-05-09,Phoenix,2014,https://boxd.it/7u46
2025-05-09,Yella,2007,https://boxd.it/25SU
2025-05-09,Barbara,2012,https://boxd.it/37XY
2025-05-09,Jerichow,2008,https://boxd.it/1Sos
2025-05-09,"Aguirre, the Wrath of God",1972,https://boxd.it/27Fe
2025-05-09,Fitzcarraldo,1982,https://boxd.it/1YV8
2025-05-09,One Cut of the Dead,2017,https://boxd.it/iAFu
2025-05-09,Hotel by the River,2018,https://boxd.it/juVI
2025-05-09,The Woman Who Ran,2020,https://boxd.it/oEEi
2025-05-09,The Novelist's Film,2022,https://boxd.it/yZX6
2025-05-09,Claire's Camera,2017,https://boxd.it/fl4i
2025-05-09,A Traveler's Needs,2024,https://boxd.it/Hm5i
2025-05-09,The Day He Arrives,2011,https://boxd.it/31L8
2025-05-09,The Day After,2017,https://boxd.it/g7aI
2025-05-09,In Front of Your Face,2021,https://boxd.it/uVbk
2025-05-09,"As Above, So Below",2014,https://boxd.it/7yui
2025-05-09,Swimming Out Till the Sea Turns Blue,2020,https://boxd.it/mbwK
2025-05-09,Creep 2,2017,https://boxd.it/dSEO
2025-05-09,The Visit,2015,https://boxd.it/9ssO
2025-05-09,Cloverfield,2008,https://boxd.it/2192
2025-05-09,The Blair Witch Project,1999,https://boxd.it/26ua
2025-05-09,Unfriended,2014,https://boxd.it/8sXg
2025-05-09,Malu,2024,https://boxd.it/K5d6
2025-05-09,Hard Labor,2011,https://boxd.it/3km2
2025-05-09,Ordet,1955,https://boxd.it/Jiy
2025-05-09,Comeback,2016,https://boxd.it/eJK6
2025-05-09,Girls from ABC,2003,https://boxd.it/2GXM
2025-05-09,The Naked and the Dead,1958,https://boxd.it/VbO
2025-05-10,La Belle Noiseuse,1991,https://boxd.it/1RxI
2025-05-10,Contempt,1963,https://boxd.it/2aJe
2025-05-10,Doomed Love,1978,https://boxd.it/rupI
2025-05-15,Kaagaz Ke Phool,1959,https://boxd.it/vLG
2025-05-15,Lady in the Water,2006,https://boxd.it/1Y1E
2025-05-15,I Killed Lucio Flavio,1979,https://boxd.it/5DQE
2025-05-18,Cutter's Way,1981,https://boxd.it/1iKW
2025-05-18,Hard Boiled,1992,https://boxd.it/1T6a
2025-05-18,The Turin Horse,2011,https://boxd.it/2Qsk
2025-05-18,The Big Trail,1930,https://boxd.it/Wok
2025-05-18,Shutter,2004,https://boxd.it/1JbY
2025-05-18,The Yards,2000,https://boxd.it/1F5C
2025-05-26,Swing Girls,2004,https://boxd.it/1ag0
2025-05-28,Dancer in the Dark,2000,https://boxd.it/71E
2025-05-28,The Phoenician Scheme,2025,https://boxd.it/H0Ca
2025-05-28,Letters from Iwo Jima,2006,https://boxd.it/290C
2025-05-28,The Outlaw Josey Wales,1976,https://boxd.it/1VuS
2025-05-29,The Color of Pomegranates,1969,https://boxd.it/1u94
2025-05-29,The Lighthouse,2019,https://boxd.it/icFU
2025-05-29,My Darling Clementine,1946,https://boxd.it/25LE
2025-05-29,Street of Shame,1956,https://boxd.it/UWO
2025-05-29,Colorado Territory,1949,https://boxd.it/1pum
2025-05-29,To Have and Have Not,1944,https://boxd.it/1Am4
2025-05-29,Brief Encounter,1945,https://boxd.it/29sm
2025-05-30,Beyond the Infinite Two Minutes,2020,https://boxd.it/ujVk
2025-05-30,The Leopard,1963,https://boxd.it/296K
2025-05-31,Compasso de Espera,1969,https://boxd.it/aFfU
2025-05-31,Jaws,1975,https://boxd.it/2a5e
2025-05-31,"Salò, or the 120 Days of Sodom",1975,https://boxd.it/237s
2025-05-31,Mirror,1975,https://boxd.it/28Q8
2025-05-31,Stalker,1979,https://boxd.it/28PO
2025-05-31,The Spirit of the Beehive,1973,https://boxd.it/24eY
2025-05-31,Close Your Eyes,2023,https://boxd.it/BGhm
2025-05-31,Copacabana Mon Amour,1970,https://boxd.it/5Oh6
2025-05-31,A Woman Under the Influence,1974,https://boxd.it/1myg
2025-05-31,"No Way, Spider",1970,https://boxd.it/5ETa
2025-06-02,Mississippi Burning,1988,https://boxd.it/28r8
2025-06-11,Good Will Hunting,1997,https://boxd.it/2ahY
2025-06-11,Before Midnight,2013,https://boxd.it/4ive
2025-06-15,Evil Does Not Exist,2023,https://boxd.it/HJrc
2025-06-16,After Hours,1985,https://boxd.it/1VfS
2025-06-17,Bird,1988,https://boxd.it/1xcU
2025-06-17,Sully,2016,https://boxd.it/cD8Q
2025-06-17,The Rookie,1990,https://boxd.it/21ne
2025-06-17,Firefox,1982,https://boxd.it/1VxW
2025-06-17,Honkytonk Man,1982,https://boxd.it/17cO
2025-06-17,Breezy,1973,https://boxd.it/11XE
2025-06-17,Bronco Billy,1980,https://boxd.it/2lwU
2025-06-17,Blood Work,2002,https://boxd.it/1Yl0
2025-06-17,True Crime,1999,https://boxd.it/1Wtm
2025-06-17,Changeling,2008,https://boxd.it/25aS
2025-06-17,Killed the Family and Went to the Movies,1969,https://boxd.it/5nxm
2025-06-17,Two Mules for Sister Sara,1970,https://boxd.it/1SMk
2025-06-17,Escape from Alcatraz,1979,https://boxd.it/1Vwk
2025-06-17,The Wrong Man,1956,https://boxd.it/1AqK
2025-06-18,Sunset Boulevard,1950,https://boxd.it/2a20
2025-06-18,The Red Shoes,1948,https://boxd.it/1EXI
2025-06-18,Full Metal Jacket,1987,https://boxd.it/2a1Q
2025-06-18,Dr. Strangelove or: How I Learned to Stop Worrying and Love the Bomb,1964,https://boxd.it/29eY
2025-06-18,A Clockwork Orange,1971,https://boxd.it/2aVE
2025-06-18,Lolita,1962,https://boxd.it/29Ag
2025-06-18,The Killing,1956,https://boxd.it/2aMi
2025-06-18,Spartacus,1960,https://boxd.it/29bq
2025-06-18,Heaven's Gate,1980,https://boxd.it/1V2k
2025-06-18,Year of the Dragon,1985,https://boxd.it/1UQy
2025-06-18,The Sunchaser,1996,https://boxd.it/16yO
2025-06-18,Desperate Hours,1990,https://boxd.it/1iyQ
2025-06-18,The Sicilian,1987,https://boxd.it/1i3I
2025-06-19,Monica and Friends: Lessons,2021,https://boxd.it/oFi8
2025-06-19,House,1977,https://boxd.it/1vsm
2025-06-19,Vivre Sa Vie,1962,https://boxd.it/28s6
2025-06-19,A Burlesque on Carmen,1915,https://boxd.it/wCA
2025-06-19,Shoulder Arms,1918,https://boxd.it/wBi
2025-06-19,Afire,2023,https://boxd.it/y06K
2025-06-19,Under the Silver Lake,2018,https://boxd.it/dSAs
2025-06-19,Histoire(s) du Cinéma 3a: The Coin of the Absolute,1998,https://boxd.it/3SbC
2025-06-19,Histoire(s) du Cinéma 3b: A New Wave,1998,https://boxd.it/3SbW
2025-06-19,Rio Babilonia,1982,https://boxd.it/4Nu2
2025-06-19,Neon Genesis Evangelion: The End of Evangelion,1997,https://boxd.it/1GRM
2025-06-19,The Last Days of Disco,1998,https://boxd.it/1JpQ
2025-06-19,"The Devil, Probably",1977,https://boxd.it/1hJe
2025-06-19,Rio Bravo,1959,https://boxd.it/2aE4
2025-06-19,A Woman Is a Woman,1961,https://boxd.it/1iUC
2025-06-19,The Passion of Joan of Arc,1928,https://boxd.it/29DO
2025-06-19,Singin' in the Rain,1952,https://boxd.it/29oY
2025-06-19,Don't Breathe,2016,https://boxd.it/9yzw
2025-06-19,The Killer,2023,https://boxd.it/u6WE
2025-06-19,Uncut Gems,2019,https://boxd.it/gXGc
2025-06-19,J. Edgar,2011,https://boxd.it/38B0
2025-06-19,Je Tu Il Elle,1974,https://boxd.it/3gWK
2025-06-19,The Meetings of Anna,1978,https://boxd.it/3gEG
2025-06-19,Shoes,1916,https://boxd.it/4xlI
2025-06-19,Cute but Ordinary,1981,https://boxd.it/5GEw
2025-06-19,Moonstruck,1987,https://boxd.it/27zg
2025-06-20,Fright Night,1985,https://boxd.it/1T4e
2025-06-20,Paprika,2006,https://boxd.it/23wW
2025-06-20,Vitória,2025,https://boxd.it/DuDa
2025-06-20,Mixed by Erry,2023,https://boxd.it/yIQi
2025-06-21,Neighboring Sounds,2012,https://boxd.it/3nzS
2025-06-21,I Owe You a Letter About Brazil,2019,https://boxd.it/objg
2025-06-21,Dead Poets Society,1989,https://boxd.it/2aSg
2025-06-21,Arrival,2016,https://boxd.it/aNGk
2025-06-24,Strangers on a Train,1951,https://boxd.it/29tk
2025-06-24,Rebecca,1940,https://boxd.it/2aQa
2025-06-24,Young and Innocent,1937,https://boxd.it/26lM
2025-06-24,I Confess,1953,https://boxd.it/1lPK
2025-06-24,Notorious,1946,https://boxd.it/2aDK
2025-06-25,L'Argent,1983,https://boxd.it/XIg
2025-06-25,Cries and Whispers,1972,https://boxd.it/1WK8
2025-06-26,Tokyo Sonata,2008,https://boxd.it/1ZxQ
2025-06-28,Aunt Virginia,2023,https://boxd.it/z0yQ
2025-06-30,F1,2025,https://boxd.it/yjVM
2025-06-30,A Man Escaped,1956,https://boxd.it/1MzY
2025-06-30,Alphaville,1965,https://boxd.it/20AG
2025-06-30,Solaris,1972,https://boxd.it/2a2Y
2025-06-30,Shin Ultraman,2022,https://boxd.it/nwas
2025-07-01,Shanghai Blues,1984,https://boxd.it/4zMG
2025-07-05,The Seventh Seal,1957,https://boxd.it/2ahO
2025-07-05,The Passion of Anna,1969,https://boxd.it/Wus
2025-07-05,Suspiria,1977,https://boxd.it/1SNW
2025-07-06,Satantango,1994,https://boxd.it/1j9M
2025-07-06,All About Lily Chou-Chou,2001,https://boxd.it/1JP0
2025-07-06,Paisan,1946,https://boxd.it/20ay
2025-07-06,Sunrise: A Song of Two Humans,1927,https://boxd.it/29Xk
2025-07-07,Man with a Movie Camera,1929,https://boxd.it/1u7s
2025-07-07,Secret Things,2002,https://boxd.it/1c2O
2025-07-07,The Woman Who Invented Love,1980,https://boxd.it/5Sl2
2025-07-07,Some Came Running,1958,https://boxd.it/15lO
2025-07-07,The Human Surge,2016,https://boxd.it/eg0S
2025-07-07,Some Like It Hot,1959,https://boxd.it/2aNA
2025-07-07,The Seven Year Itch,1955,https://boxd.it/1VIK
2025-07-07,All About Eve,1950,https://boxd.it/29LI
2025-07-07,Gentlemen Prefer Blondes,1953,https://boxd.it/29Hc
2025-07-08,The Bandit,1946,https://boxd.it/4F12
2025-07-08,The Roof,1956,https://boxd.it/3NZi
2025-07-08,"Rome, Open City",1945,https://boxd.it/2aD6
2025-07-08,La Terra Trema,1948,https://boxd.it/UsE
2025-07-08,Shoeshine,1946,https://boxd.it/UoM
2025-07-08,Bitter Rice,1949,https://boxd.it/1jXs
2025-07-08,Two Cents Worth of Hope,1952,https://boxd.it/3Upc
2025-07-08,When a Woman Ascends the Stairs,1960,https://boxd.it/19Ck
2025-07-08,Senso,1954,https://boxd.it/V6k
2025-07-08,All That Heaven Allows,1955,https://boxd.it/UNi
2025-07-08,A Short Film About Love,1988,https://boxd.it/1jXC
2025-07-08,Pandora's Box,1929,https://boxd.it/29jE
2025-07-08,The Thin Red Line,1998,https://boxd.it/1ZTM
2025-07-08,Torment,1994,https://boxd.it/1HMS
2025-07-08,Fantastic Planet,1973,https://boxd.it/1KnQ
2025-07-09,The Mother and the Whore,1973,https://boxd.it/HQe
2025-07-09,Fat City,1972,https://boxd.it/1JnU
2025-07-10,The Amateur,2025,https://boxd.it/F9NW
2025-07-10,The SpongeBob Movie: Search for SquarePants,2025,https://boxd.it/BsNy
2025-07-10,Point Blank,1967,https://boxd.it/1uAE
2025-07-12,Fragile as the World,2001,https://boxd.it/dk80
2025-07-15,Everything's Going to Be Great,2025,https://boxd.it/GdoS
2025-07-16,Opening Night,1977,https://boxd.it/1f4e
2025-07-16,The Killing of a Chinese Bookie,1976,https://boxd.it/1hS6
2025-07-16,Shadows,1958,https://boxd.it/1M9c
2025-07-16,Husbands,1970,https://boxd.it/zOY
2025-07-17,Strange Days,1995,https://boxd.it/2aGO
2025-07-21,The Gleaners and I,2000,https://boxd.it/S6c
2025-07-21,Twin Peaks,1989,https://boxd.it/g8pk
2025-07-22,Tenebre,1982,https://boxd.it/1mRM
2025-07-24,Winter on Fire: Ukraine's Fight for Freedom,2015,https://boxd.it/bYWU
2025-07-24,The Girl with the Needle,2024,https://boxd.it/KQ3M
2025-08-01,The Amulet of Ogum,1974,https://boxd.it/33Ey
2025-08-08,War of the Worlds,2025,https://boxd.it/so0a
2025-08-09,The Glass Shield,1994,https://boxd.it/2ps8
2025-08-12,Yi Yi,2000,https://boxd.it/1vCw
2025-08-12,Two Lovers,2008,https://boxd.it/1Ws4
2025-08-19,Ben-Hur,1959,https://boxd.it/29RQ
2025-08-23,The Grapes of Wrath,1940,https://boxd.it/2a2u
2025-08-30,L'Âge d'or,1930,https://boxd.it/22FI
2025-08-30,The Phantom of Liberty,1974,https://boxd.it/22VG
2025-08-30,The Discreet Charm of the Bourgeoisie,1972,https://boxd.it/2440
2025-09-01,We All Loved Each Other So Much,1974,https://boxd.it/XjK
2025-09-03,Daisies,1966,https://boxd.it/LZk
2025-09-03,Big Trouble in Little China,1986,https://boxd.it/21em
2025-09-04,The Blue Trail,2025,https://boxd.it/IrKi
2025-09-05,Phantom of the Paradise,1974,https://boxd.it/1s34
2025-09-06,Brasil Impossível,2018,https://boxd.it/l8rq
2025-09-06,Benedetta,2021,https://boxd.it/gdNQ
2025-09-06,Suit Yourself or Shoot Yourself!! The Gamble,1996,https://boxd.it/d9dy
2025-09-06,Mushi-Shi: The Shadow That Devours the Sun,2014,https://boxd.it/KxZM
2025-09-06,The Servant,1963,https://boxd.it/VAa
2025-09-06,Fixed Bayonets!,1951,https://boxd.it/M6g
2025-09-09,Taipei Story,1985,https://boxd.it/3BkC
2025-09-10,Judas and the Black Messiah,2021,https://boxd.it/lsew
2025-09-13,Malcolm X,1992,https://boxd.it/27WE
2025-09-13,25th Hour,2002,https://boxd.it/28LC
2025-09-13,Da 5 Bloods,2020,https://boxd.it/lnXw
2025-09-13,He Got Game,1998,https://boxd.it/1YBs
2025-09-13,Inside Man,2006,https://boxd.it/2auS
2025-09-14,Pat Garrett & Billy the Kid,1973,https://boxd.it/1TvE
2025-09-14,Pan's Labyrinth,2006,https://boxd.it/28No
2025-09-16,Butch Cassidy and the Sundance Kid,1969,https://boxd.it/29Vy
2025-09-16,Videodrome,1983,https://boxd.it/29uC
2025-09-16,The Given Word,1962,https://boxd.it/h6Y
2025-09-16,Lawrence of Arabia,1962,https://boxd.it/2wRE
2025-09-22,From Up on Poppy Hill,2011,https://boxd.it/2VCa
2025-09-23,Terrorizers,1986,https://boxd.it/2IRG
2025-09-23,Histoire(s) du Cinéma 1a: All the (Hi)stories,1988,https://boxd.it/3ScA
2025-09-24,One Battle After Another,2025,https://boxd.it/DUHM
2025-09-24,Wheel of Fortune and Fantasy,2021,https://boxd.it/tWcm
2025-09-29,Hereafter,2010,https://boxd.it/Ry0
2025-09-29,Midnight in the Garden of Good and Evil,1997,https://boxd.it/20w0
2025-10-02,Jojo Rabbit,2019,https://boxd.it/iEBG
2025-10-04,Friday Night,2002,https://boxd.it/QtS
2025-10-11,Rosemary's Baby,1968,https://boxd.it/29zM
2025-10-14,Ginger Snaps,2000,https://boxd.it/1XEg
2025-10-17,Hour of the Star,1985,https://boxd.it/XUQ
2025-10-28,Onibaba,1964,https://boxd.it/252a
2025-10-28,The Fog,1980,https://boxd.it/29Cc
2025-10-28,Shadow of a Doubt,1943,https://boxd.it/1BtA
2025-10-28,The Fly,1958,https://boxd.it/1T1E
2025-10-28,From Beyond,1986,https://boxd.it/1NXi
2025-10-28,Ghost Story of Yotsuya,1959,https://boxd.it/2YDg
2025-10-28,Smile,2022,https://boxd.it/xjfE
2025-11-01,Sertânia,2020,https://boxd.it/lUhS
2025-11-01,Loft,2005,https://boxd.it/11p8
2025-11-01,The Cremator,1969,https://boxd.it/1H8y
2025-11-01,Audition,1999,https://boxd.it/1UHm
2025-11-01,Lisa and the Devil,1973,https://boxd.it/232M
2025-11-01,A Tale of Two Sisters,2003,https://boxd.it/248m
2025-11-01,Your Vice Is a Locked Room and Only I Have the Key,1972,https://boxd.it/2uT4
2025-11-01,"Kill, Baby... Kill!",1966,https://boxd.it/1qnc
2025-11-01,Eyes Without a Face,1960,https://boxd.it/1j9i
2025-11-01,Blind Beast,1969,https://boxd.it/1rQ0
2025-11-01,In the Realm of the Senses,1976,https://boxd.it/22qS
2025-11-01,November,2017,https://boxd.it/fxu8
2025-11-01,The Beyond,1981,https://boxd.it/1FtY
2025-11-01,A Bay of Blood,1971,https://boxd.it/232i
2025-11-01,Heart of a Dog,2015,https://boxd.it/bQq2
2025-11-01,Kes,1969,https://boxd.it/1Qi8
2025-11-01,Dead Man,1995,https://boxd.it/29h4
2025-11-01,A Room with a View,1986,https://boxd.it/1UfC
2025-11-01,Thief,1981,https://boxd.it/1TEc
2025-11-01,Public Enemies,2009,https://boxd.it/1U8m
2025-11-07,Obsession,1976,https://boxd.it/23QM
2025-11-07,"Hi, Mom!",1970,https://boxd.it/Wwy
2025-11-07,The Black Dahlia,2006,https://boxd.it/1Y52
2025-11-07,Sisters,1972,https://boxd.it/1AMc
2025-11-07,Body Double,1984,https://boxd.it/1TGW
2025-11-07,Dressed to Kill,1980,https://boxd.it/1UO8
2025-11-07,Mission: Impossible,1996,https://boxd.it/29d2
2025-11-07,Femme Fatale,2002,https://boxd.it/1Z4Y
2025-11-07,Casualties of War,1989,https://boxd.it/1WZ8
2025-11-07,The Fury,1978,https://boxd.it/1RA8
2025-11-07,Raising Cain,1992,https://boxd.it/1P5C
2025-11-07,Mission to Mars,2000,https://boxd.it/27w2
2025-11-07,Passion,2012,https://boxd.it/3G5W
2025-11-07,The Bonfire of the Vanities,1990,https://boxd.it/1Yj4
2025-11-07,Greetings,1968,https://boxd.it/2vo2
2025-11-07,Domino,2019,https://boxd.it/ghha
2025-11-07,Redacted,2007,https://boxd.it/1Tsg
2025-11-07,Wise Guys,1986,https://boxd.it/1iBg
2025-11-07,Murder à la Mod,1968,https://boxd.it/o2
2025-11-07,The Wedding Party,1969,https://boxd.it/2zB0
2025-11-07,Home Movies,1979,https://boxd.it/21do
2025-11-07,Get to Know Your Rabbit,1972,https://boxd.it/39zY
2025-11-07,Dionysus in '69,1970,https://boxd.it/3nDA
2025-11-07,The Responsive Eye,1965,https://boxd.it/5GnU
2025-11-07,Woton's Wake,1963,https://boxd.it/5Fmw
2025-11-07,To Bridge This Gap,1969,https://boxd.it/bOvO
2025-11-07,Jennifer,1964,https://boxd.it/bOvE
2025-11-07,Evil Dead II,1987,https://boxd.it/29Ge
2025-11-07,Castle in the Sky,1986,https://boxd.it/1W4G
2025-11-07,Big,1988,https://boxd.it/271S
2025-11-09,House of Flying Daggers,2004,https://boxd.it/1YoI
2025-11-09,Hour of the Wolf,1968,https://boxd.it/1H9G
2025-11-10,Forbidden Games,1952,https://boxd.it/23ty
2025-11-10,"Run Wild, Run Free",1969,https://boxd.it/3rXu
2025-11-11,The Roaring Twenties,1939,https://boxd.it/17J4
2025-11-11,The Funeral,1996,https://boxd.it/1BC8
2025-11-11,King of New York,1990,https://boxd.it/1Ynq
2025-11-11,Messenger Boy,1986,https://boxd.it/2sbE
2025-11-12,The Usual Suspects,1995,https://boxd.it/29XE
2025-11-13,The Handmaiden,2016,https://boxd.it/948A
2025-11-14,Poor Things,2023,https://boxd.it/tNWU
2025-11-15,Invasion of the Body Snatchers,1978,https://boxd.it/1SWk
2025-11-15,Contact,1997,https://boxd.it/29OM
2025-11-15,Invasion of the Body Snatchers,1956,https://boxd.it/1TAa
2025-11-15,The Faculty,1998,https://boxd.it/1Z5C
2025-11-15,The Whispers that Killed Me,2024,https://boxd.it/pw1u
2025-11-22,Stars in My Crown,1950,https://boxd.it/3JTg
2025-11-23,"Black God, White Devil",1964,https://boxd.it/2fmY
2025-11-23,Guillermo del Toro's Pinocchio,2022,https://boxd.it/kjMW
2025-11-23,The Sacrifice,1986,https://boxd.it/1xg8
2025-11-24,Clue,1985,https://boxd.it/1MDQ
2025-11-24,This Is Spinal Tap,1984,https://boxd.it/1UOs
2025-11-26,The Ascent,1977,https://boxd.it/Eew
2025-11-26,Letter Never Sent,1960,https://boxd.it/2W6u
2025-11-27,Soylent Green,1973,https://boxd.it/1SxE
2025-11-30,The House That Screamed,1969,https://boxd.it/Ta
2025-11-30,Death at a Funeral,2007,https://boxd.it/27dO
2025-12-04,Force of Evil,1948,https://boxd.it/1tgI
2025-12-04,Tell Them Willie Boy Is Here,1969,https://boxd.it/WrI
2025-12-04,Romance of a Horsethief,1971,https://boxd.it/5bjW
2025-12-07,Carnival Is Over,2024,https://boxd.it/GbAC
2025-12-07,"It's Never Over, Jeff Buckley",2025,https://boxd.it/RSnI
2025-12-07,Hell or High Water,2016,https://boxd.it/bfGM
2025-12-07,An Affair to Remember,1957,https://boxd.it/20is
2025-12-07,Bonjour Tristesse,1958,https://boxd.it/27OK
2025-12-07,The Fall,1976,https://boxd.it/5Tym
2025-12-07,Tout Va Bien,1972,https://boxd.it/20AQ
2025-12-09,It Was Just an Accident,2025,https://boxd.it/TX2k
2025-12-10,The Palace of Angels,1970,https://boxd.it/5T7U
2025-12-10,Rough Riders,1997,https://boxd.it/AAI
2025-12-10,Othello,1951,https://boxd.it/K5A
2025-12-10,Journey to Italy,1954,https://boxd.it/26o2
2025-12-10,My Cousin Vinny,1992,https://boxd.it/1WpO
2025-12-10,JFK,1991,https://boxd.it/29xm
2025-12-10,Anatomy of a Murder,1959,https://boxd.it/2baa
2025-12-10,Grave of the Fireflies,1988,https://boxd.it/1RUM
2025-12-10,The Tale of The Princess Kaguya,2013,https://boxd.it/4JQI
2025-12-10,Only Yesterday,1991,https://boxd.it/1MR4
2025-12-10,My Neighbors the Yamadas,1999,https://boxd.it/1KC2
2025-12-10,Oscar,1991,https://boxd.it/1SQw
2025-12-10,Innocent Blood,1992,https://boxd.it/1rVO
2025-12-10,Breakfast at Tiffany's,1961,https://boxd.it/2aYS
2025-12-10,The Margin,1967,https://boxd.it/5A0U
2025-12-10,The Woman of Everyone,1969,https://boxd.it/5OgW
2025-12-10,Something to Remind Me,2001,https://boxd.it/4X5m
2025-12-10,The State I Am In,2000,https://boxd.it/2aUG
2025-12-10,Dreileben: Beats Being Dead,2011,https://boxd.it/3hAA
2025-12-10,For Love and Gold,1966,https://boxd.it/1yIs
2025-12-10,The Crowd,1928,https://boxd.it/25Q0
2025-12-10,La Notte,1961,https://boxd.it/10iU
2025-12-10,The Hand,1965,https://boxd.it/3rCm
2025-12-10,Barren Lives,1963,https://boxd.it/29uM
2025-12-10,Carnal Knowledge,1971,https://boxd.it/1au2
2025-12-10,Golden Mouth,1963,https://boxd.it/4F8W
2025-12-10,"Rio, 100 Degrees F°",1955,https://boxd.it/4DUa
2025-12-10,Memories of Prison,1984,https://boxd.it/4nhm
2025-12-10,Fire of Love,2022,https://boxd.it/yoPY
2025-12-11,Hatari!,1962,https://boxd.it/1TYm
2025-12-11,The Big Sleep,1946,https://boxd.it/29iQ
2025-12-11,Dialogue of Shadows,2013,https://boxd.it/7zay
2025-12-11,The Human Condition III: A Soldier's Prayer,1961,https://boxd.it/1dIQ
2025-12-11,Ikiru,1952,https://boxd.it/251c
2025-12-11,Shoah,1985,https://boxd.it/XSK
2025-12-11,A Separation,2011,https://boxd.it/gvo
2025-12-11,Apur Sansar,1959,https://boxd.it/29l6
2025-12-11,One Flew Over the Cuckoo's Nest,1975,https://boxd.it/2aeA
2025-12-11,Barry Lyndon,1975,https://boxd.it/25A2
2025-12-11,Witness for the Prosecution,1957,https://boxd.it/18H4
2025-12-11,Emilie Muller,1993,https://boxd.it/ewEO
2025-12-11,Maid,2021,https://boxd.it/x3mk
2025-12-12,No Other Choice,2025,https://boxd.it/nKiA
2025-12-12,Demons,1971,https://boxd.it/3yiy
2025-12-12,All the Women in the World,1966,https://boxd.it/7njS
2025-12-12,Three Colours: Blue,1993,https://boxd.it/2b7K
2025-12-12,The Red Light Bandit,1968,https://boxd.it/5ESQ
2025-12-12,Saint Bernard,1972,https://boxd.it/7r2m
2025-12-12,They Don't Wear Black Tie,1981,https://boxd.it/66nQ
2025-12-12,The Island of Prohibited Pleasures,1979,https://boxd.it/5Um2
2025-12-12,Lucio Flavio,1977,https://boxd.it/5rZ0
2025-12-12,Property,2022,https://boxd.it/CYsk
2025-12-12,Bury Your Dead,2024,https://boxd.it/zU8Y
2025-12-12,The Wrung-Out Man,1980,https://boxd.it/59GE
2025-12-12,Killed the Family and Went to the Movies,1991,https://boxd.it/4NtI
2025-12-12,Who Is Beta?,1972,https://boxd.it/4KhO
2025-12-12,Limite,1931,https://boxd.it/20iW
2025-12-12,The Interview,1966,https://boxd.it/gANO
2025-12-12,Sea of Roses,1977,https://boxd.it/6Xqo
2025-12-12,The Men I Had,1973,https://boxd.it/8T9s
2025-12-12,Memoirs of a Strangler of Blondes,1971,https://boxd.it/7jui
2025-12-12,Chinese Viola,1975,https://boxd.it/8hJs
2025-12-12,A Familia do Barulho,1970,https://boxd.it/61lq
2025-12-12,It's Not All True,1986,https://boxd.it/5U1I
2025-12-12,Também Somos Irmãos,1949,https://boxd.it/5S04
2025-12-12,Abolition,1988,https://boxd.it/aFHO
2025-12-12,Antonio das Mortes,1969,https://boxd.it/2Bcm
2025-12-12,The Deceased,1965,https://boxd.it/7DUg
2025-12-12,Planet of the Vampires,1965,https://boxd.it/1HQg
2025-12-12,The Age of the Earth,1980,https://boxd.it/2EAG
2025-12-12,Men and Women,1964,https://boxd.it/5T8e
2025-12-12,Mafioso,1962,https://boxd.it/1d7U
2025-12-12,O Homem do Sputnik,1959,https://boxd.it/5RSu
2025-12-12,Tabu,1983,https://boxd.it/7jvK
2025-12-13,Les Escaliers du Pont de l'Alma,1900,https://boxd.it/6ObO
2025-12-13,The Birds,1963,https://boxd.it/2a6m
2025-12-13,Steamboat Round the Bend,1935,https://boxd.it/2nYQ
2025-12-13,Palombella rossa,1989,https://boxd.it/oTo
2025-12-13,Forty Guns,1957,https://boxd.it/1NhG
2025-12-13,Stagecoach,1939,https://boxd.it/297S
2025-12-13,How Green Was My Valley,1941,https://boxd.it/UV2
2025-12-13,The Brave Warrior,1968,https://boxd.it/5T4G
2025-12-13,Nouvelle Vague,1990,https://boxd.it/1gFU
2025-12-15,Winter Light,1963,https://boxd.it/1nrU
2025-12-16,In the Mouth of Madness,1994,https://boxd.it/26vi
2025-12-16,Prince of Darkness,1987,https://boxd.it/1ZKq
2025-12-16,Assault on Precinct 13,1976,https://boxd.it/1I2c
2025-12-16,Escape from L.A.,1996,https://boxd.it/1XbI
2025-12-16,Vampires,1998,https://boxd.it/1XsY
2025-12-16,Memoirs of an Invisible Man,1992,https://boxd.it/26sS
2025-12-16,Body Bags,1993,https://boxd.it/1iNc
2025-12-16,Village of the Damned,1995,https://boxd.it/1Suq
2025-12-17,River of No Return,1954,https://boxd.it/27OU
2025-12-17,The Third Man,1949,https://boxd.it/294E
2025-12-17,Simone Barbès or Virtue,1980,https://boxd.it/7eOi
2025-12-17,Merrill's Marauders,1962,https://boxd.it/1cr0
2025-12-17,Most Dangerous Man Alive,1961,https://boxd.it/1Hu
2025-12-17,The Hunt,1964,https://boxd.it/5FnO
2025-12-17,White Dog,1982,https://boxd.it/Jtc
2025-12-17,Dragged Across Concrete,2018,https://boxd.it/fAly
2025-12-17,Alice in the Cities,1974,https://boxd.it/27cG
2025-12-17,Theorem,1968,https://boxd.it/237C
2025-12-17,The Gospel According to St. Matthew,1964,https://boxd.it/1y7c
2025-12-17,The Decameron,1971,https://boxd.it/1fdq
2025-12-17,Accattone,1961,https://boxd.it/1RSw
2025-12-17,Mamma Roma,1962,https://boxd.it/JRo
2025-12-17,Oedipus Rex,1967,https://boxd.it/WgK
2025-12-17,Medea,1969,https://boxd.it/1u1Y
2025-12-17,Arabian Nights,1974,https://boxd.it/KO6
2025-12-17,The Canterbury Tales,1972,https://boxd.it/22Ky
2025-12-17,Love Meetings,1964,https://boxd.it/W9Y
2025-12-17,Pigsty,1969,https://boxd.it/HR2
2025-12-17,The Birth of a Nation,1915,https://boxd.it/29Zg
2025-12-17,Intolerance: Love's Struggle Throughout the Ages,1916,https://boxd.it/25Qk
2025-12-17,The Pianist,2002,https://boxd.it/2aqc
2025-12-17,Repulsion,1965,https://boxd.it/1TKu
2025-12-17,The Tenant,1976,https://boxd.it/1TKk
2025-12-17,Bad Lieutenant: Port of Call – New Orleans,2009,https://boxd.it/1TcW
2025-12-17,Stroszek,1977,https://boxd.it/1Td6
2025-12-17,Lessons of Darkness,1992,https://boxd.it/x7I
2025-12-17,The Enigma of Kaspar Hauser,1974,https://boxd.it/1Tba
2025-12-17,My Best Fiend,1999,https://boxd.it/1ZXY
2025-12-17,Encounters at the End of the World,2007,https://boxd.it/1SmQ
2025-12-17,The Wind Will Carry Us,1999,https://boxd.it/Uwc
2025-12-17,Like Someone in Love,2012,https://boxd.it/3tOu
2025-12-17,To Each His Own Cinema,2007,https://boxd.it/1bju
2025-12-17,24 Frames,2017,https://boxd.it/d6YG
2025-12-17,Ten,2002,https://boxd.it/1NH0
2025-12-17,The Sign of Chaos,2003,https://boxd.it/5z2U
2025-12-17,Documentário,1966,https://boxd.it/5ETk
2025-12-17,The Abyss,1977,https://boxd.it/5U2G
2025-12-17,Brasil,1981,https://boxd.it/5U2m
2025-12-17,Battleship Potemkin,1925,https://boxd.it/29Vo
2025-12-17,Strike,1925,https://boxd.it/QFk
2025-12-17,October (Ten Days that Shook the World),1928,https://boxd.it/29N0
2025-12-17,"Ivan the Terrible, Part I",1944,https://boxd.it/1XMO
2025-12-17,Alexander Nevsky,1938,https://boxd.it/1WKC
2025-12-17,"Ivan the Terrible, Part II: The Boyars' Plot",1958,https://boxd.it/Vfc
2025-12-17,¡Qué Viva México!,1979,https://boxd.it/9Fw
2025-12-17,The General Line,1929,https://boxd.it/3IUs
2025-12-17,Sentimental Romance,1930,https://boxd.it/47UC
2025-12-17,Metropolis,1927,https://boxd.it/71a
2025-12-17,M,1931,https://boxd.it/29vq
2025-12-17,The Big Heat,1953,https://boxd.it/1NNM
2025-12-17,The Testament of Dr. Mabuse,1933,https://boxd.it/1Sia
2025-12-17,Scarlet Street,1945,https://boxd.it/1JgE
2025-12-17,"Dr. Mabuse, the Gambler",1922,https://boxd.it/22dE
2025-12-17,Die Nibelungen: Siegfried,1924,https://boxd.it/1iWS
2025-12-17,The Woman in the Window,1944,https://boxd.it/1J8U
2025-12-17,Destiny,1921,https://boxd.it/1nRo
2025-12-17,Ministry of Fear,1944,https://boxd.it/1BSU
2025-12-17,Fury,1936,https://boxd.it/1NJg
2025-12-17,You Only Live Once,1937,https://boxd.it/ycO
2025-12-17,Secret Beyond the Door,1947,https://boxd.it/2a7O
2025-12-17,Die Nibelungen: Kriemhild's Revenge,1924,https://boxd.it/WIu
2025-12-17,Spies,1928,https://boxd.it/2IXk
2025-12-17,Rancho Notorious,1952,https://boxd.it/1oB2
2025-12-17,Human Desire,1954,https://boxd.it/1BHs
2025-12-17,How Tasty Was My Little Frenchman,1971,https://boxd.it/3zvo
2025-12-17,The Alienist,1970,https://boxd.it/4GJk
2025-12-17,Hunger for Love,1968,https://boxd.it/4GJu
2025-12-17,Tent of Miracles,1977,https://boxd.it/63Sm
2025-12-17,Boro the Caterpillar,2018,https://boxd.it/ipeW
2025-12-17,Yuki's Sun,1972,https://boxd.it/d1ws
2025-12-17,On Your Mark,1995,https://boxd.it/1Vgm
2025-12-17,The Castle of Cagliostro,1979,https://boxd.it/1Mn4
2025-12-17,Nausicaä of the Valley of the Wind,1984,https://boxd.it/2bc6
2025-12-17,Good Morning,1959,https://boxd.it/2lkk
2025-12-17,An Autumn Afternoon,1962,https://boxd.it/CUU
2025-12-17,Floating Weeds,1959,https://boxd.it/LZu
2025-12-17,"I Was Born, But...",1932,https://boxd.it/1pS4
2025-12-17,Late Autumn,1960,https://boxd.it/1Bf4
2025-12-17,The Flavor of Green Tea Over Rice,1952,https://boxd.it/spi
2025-12-17,The Only Son,1936,https://boxd.it/zX2
2025-12-17,Equinox Flower,1958,https://boxd.it/2lkY
2025-12-17,The End of Summer,1961,https://boxd.it/2lkO
2025-12-17,Early Spring,1956,https://boxd.it/1DkA
2025-12-17,There Was a Father,1942,https://boxd.it/1rWW
2025-12-17,A Story of Floating Weeds,1934,https://boxd.it/SDU
2025-12-17,Elle,2016,https://boxd.it/bdhq
2025-12-17,Basic Instinct,1992,https://boxd.it/2asM
2025-12-17,Sherlock Jr.,1924,https://boxd.it/298m
2025-12-17,The General,1926,https://boxd.it/29co
2025-12-17,The Cameraman,1928,https://boxd.it/1jag
2025-12-17,"Steamboat Bill, Jr.",1928,https://boxd.it/1v9u
2025-12-17,One Week,1920,https://boxd.it/1zr8
2025-12-17,Seven Chances,1925,https://boxd.it/1gRG
2025-12-17,Our Hospitality,1923,https://boxd.it/29Mm
2025-12-17,The Navigator,1924,https://boxd.it/1hh0
2025-12-17,Cops,1922,https://boxd.it/15j4
2025-12-17,The Goat,1921,https://boxd.it/BAE
2025-12-17,The Haunted House,1921,https://boxd.it/BAO
2025-12-17,The Scarecrow,1920,https://boxd.it/BB8
2025-12-17,Enthusiasm. Symphony of Donbas,1930,https://boxd.it/Qam
2025-12-17,Kino Eye,1924,https://boxd.it/4BFs
2025-12-17,Three Songs About Lenin,1934,https://boxd.it/3eQK
2025-12-17,A Sixth Part of the World,1926,https://boxd.it/5D5e
2025-12-17,The Eleventh Year,1928,https://boxd.it/4Q2q
2025-12-17,A Rainy Day in New York,2019,https://boxd.it/h2z6
2025-12-17,Annie Hall,1977,https://boxd.it/29M2
2025-12-17,Manhattan,1979,https://boxd.it/29Na
2025-12-17,Match Point,2005,https://boxd.it/2b6s
2025-12-17,Hannah and Her Sisters,1986,https://boxd.it/23jy
2025-12-17,Café Society,2016,https://boxd.it/bhEy
2025-12-17,The Power of the Dog,2021,https://boxd.it/m99E
2025-12-17,The Piano,1993,https://boxd.it/29Kq
2025-12-17,In the Cut,2003,https://boxd.it/1V12
2025-12-17,Bright Star,2009,https://boxd.it/1mfI
2025-12-17,Sweetie,1989,https://boxd.it/4HM
2025-12-17,An Angel at My Table,1990,https://boxd.it/269G
2025-12-17,L'Avventura,1960,https://boxd.it/23hs
2025-12-17,L'Eclisse,1962,https://boxd.it/1CoG
2025-12-17,The Passenger,1975,https://boxd.it/1Y8q
2025-12-17,Red Desert,1964,https://boxd.it/1ttW
2025-12-17,Zabriskie Point,1970,https://boxd.it/25Yy
2025-12-17,Eros,2004,https://boxd.it/135k
2025-12-17,A Drama of Jealousy (and other things),1970,https://boxd.it/phg
2025-12-17,"Ugly, Dirty and Bad",1976,https://boxd.it/1F8Q
2025-12-17,The Terrace,1980,https://boxd.it/2FTE
2025-12-17,Le Bal,1983,https://boxd.it/fBg
2025-12-17,What Time Is It?,1989,https://boxd.it/kXw
2025-12-17,The New Monsters,1977,https://boxd.it/Qzw
2025-12-17,The Family,1987,https://boxd.it/XY4
2025-12-17,Fulaninha,1986,https://boxd.it/5Mim
2025-12-17,Rain Man,1988,https://boxd.it/2avw
2025-12-18,Funny Games,1997,https://boxd.it/1WKM
2025-12-18,Amour,2012,https://boxd.it/34Q6
2025-12-18,Funny Games,2007,https://boxd.it/207a
2025-12-18,Caché,2005,https://boxd.it/2amY
2025-12-18,The White Ribbon,2009,https://boxd.it/17eU
2025-12-18,Benny's Video,1992,https://boxd.it/27Hk
2025-12-19,Sorcerer,1977,https://boxd.it/14J6
2025-12-20,Lost in Translation,2003,https://boxd.it/2b0E
2025-12-21,Das Boot,1981,https://boxd.it/2av2
2025-12-21,Imitation of Life,1959,https://boxd.it/1efK
2025-12-21,Written on the Wind,1956,https://boxd.it/2hNM
2025-12-21,There's Always Tomorrow,1956,https://boxd.it/17S6
2025-12-21,Magnificent Obsession,1954,https://boxd.it/1Q8M
2025-12-21,The Tarnished Angels,1957,https://boxd.it/15ZE
2025-12-21,Lured,1947,https://boxd.it/1lBS
2025-12-21,A Time to Love and a Time to Die,1958,https://boxd.it/2Xs2
2025-12-21,All I Desire,1953,https://boxd.it/5Tk
2025-12-21,Shockproof,1949,https://boxd.it/1uRg
2025-12-21,The Strange Woman,1946,https://boxd.it/1glA
2025-12-21,Thunder on the Hill,1951,https://boxd.it/2F9m
2025-12-22,News from Home,1976,https://boxd.it/34TO
2025-12-22,The Captive,2000,https://boxd.it/Lcs
2025-12-22,Toute une nuit,1982,https://boxd.it/9oA
2025-12-22,Saute ma ville,1968,https://boxd.it/FXW
2025-12-22,Golden Eighties,1986,https://boxd.it/67Q
2025-12-22,No Home Movie,2015,https://boxd.it/bXWE
2025-12-22,From the East,1993,https://boxd.it/3ywU
2025-12-22,Hotel Monterey,1973,https://boxd.it/3FEc
2025-12-22,La chambre,1972,https://boxd.it/3Gps
2025-12-22,The Rules of the Game,1939,https://boxd.it/29Es
2025-12-22,Grand Illusion,1937,https://boxd.it/29Ei
2025-12-22,The River,1951,https://boxd.it/Q3K
2025-12-22,A Day in the Country,1946,https://boxd.it/Tm6
2025-12-22,La Bête Humaine,1938,https://boxd.it/1nxI
2025-12-22,Boudu Saved from Drowning,1932,https://boxd.it/IDg
2025-12-22,French Cancan,1955,https://boxd.it/Q4y
2025-12-22,La Chienne,1931,https://boxd.it/1tx0
2025-12-29,The Spikes Gang,1974,https://boxd.it/16Es
2025-12-29,Avatar: Fire and Ash,2025,https://boxd.it/2W7s
2025-12-29,Avatar: The Way of Water,2022,https://boxd.it/2E2E
2025-12-29,True Lies,1994,https://boxd.it/19pq
2025-12-29,Still,1971,https://boxd.it/6mRs
2025-12-29,Conan the Destroyer,1984,https://boxd.it/1Yfc
2025-12-30,Invictus,2009,https://boxd.it/1zPk
2025-12-30,High Plains Drifter,1973,https://boxd.it/1SOK
2025-12-30,Earth,1930,https://boxd.it/MP6
2025-12-30,Design for Living,1933,https://boxd.it/2FJE
2025-12-30,Kiss Me Deadly,1955,https://boxd.it/1HHe
2025-12-30,Family Plot,1976,https://boxd.it/22t8
2025-12-30,Torn Curtain,1966,https://boxd.it/22zq
2025-12-30,Sabotage,1936,https://boxd.it/1RqC
2025-12-30,North by Northwest,1959,https://boxd.it/2aRM
2025-12-30,Dial M for Murder,1954,https://boxd.it/2adW
2025-12-30,The Son of a Thousand Men,2025,https://boxd.it/NzcI
2025-12-30,The Phantom Carriage,1921,https://boxd.it/l4s
2025-12-30,The Mothering Heart,1913,https://boxd.it/3nNA
2025-12-31,As Good as It Gets,1997,https://boxd.it/268y
2026-01-04,The Eiger Sanction,1975,https://boxd.it/1DUo
2026-01-04,Dear Diary,1993,https://boxd.it/1vT8
2026-01-04,La Cérémonie,1995,https://boxd.it/287C
2026-01-04,God's Comedy,1995,https://boxd.it/EJE
2026-01-04,"Goodbye South, Goodbye",1996,https://boxd.it/38zI
2026-01-04,Inquietude,1998,https://boxd.it/3HXA
2026-01-05,Sudden Impact,1983,https://boxd.it/1VJe
2026-01-05,Meek's Cutoff,2010,https://boxd.it/nsG
2026-01-06,Flags of Our Fathers,2006,https://boxd.it/255y
2026-01-06,Trouble Every Day,2001,https://boxd.it/115M
2026-01-06,Lord of War,2005,https://boxd.it/284y
2026-01-06,Wild at Heart,1990,https://boxd.it/2aii
2026-01-06,Possession,1981,https://boxd.it/1BPm
2026-01-07,The Nun,1966,https://boxd.it/WbK
2026-01-07,Scarface,1932,https://boxd.it/29oa
2026-01-07,Red Line 7000,1965,https://boxd.it/2MXy
2026-01-07,Antigone,1992,https://boxd.it/6ecG
2026-01-07,"Welcome, or No Trespassing",1964,https://boxd.it/1CL6
2026-01-07,Farewell,1983,https://boxd.it/4sYU
2026-01-07,Larisa,1980,https://boxd.it/7Ce4
2026-01-08,A Better Tomorrow,1986,https://boxd.it/1TLW
2026-01-08,City on Fire,1987,https://boxd.it/XGY
2026-01-08,Sonatine,1993,https://boxd.it/20TI
2026-01-08,La Collectionneuse,1967,https://boxd.it/23Ls
2026-01-08,Triple Agent,2004,https://boxd.it/4DA
2026-01-08,Full Moon in Paris,1984,https://boxd.it/1sxe
2026-01-08,Sign of the Lion,1962,https://boxd.it/1mc
2026-01-09,The Match Factory Girl,1990,https://boxd.it/20Je
2026-01-09,Lady Snowblood,1973,https://boxd.it/26Fi
2026-01-09,Face to Face,1976,https://boxd.it/1ns4
2026-01-09,Cruising,1980,https://boxd.it/1qzW
2026-01-09,Wrong Move,1975,https://boxd.it/1EcM
2026-01-10,Miracle in Milan,1951,https://boxd.it/UD8
2026-01-10,The Children Are Watching Us,1943,https://boxd.it/dIE
2026-01-10,Two Women,1960,https://boxd.it/1yb4
2026-01-10,The Flowers of St. Francis,1950,https://boxd.it/oTS
2026-01-10,Bellissima,1951,https://boxd.it/UEg
2026-01-10,The Gold of Naples,1954,https://boxd.it/pTa
2026-01-10,Le Notti Bianche,1957,https://boxd.it/V0G
2026-01-10,Viva l'Italia!,1961,https://boxd.it/61JW
2026-01-10,A Nos Amours,1983,https://boxd.it/271I
2026-01-10,Hiroshima Mon Amour,1959,https://boxd.it/22WY
2026-01-10,The Haunting of Hill House,2018,https://boxd.it/kfJ0
2026-01-10,Spetters,1980,https://boxd.it/12xM
2026-01-10,Die Hard,1988,https://boxd.it/2a7u
2026-01-10,Agony: The Life and Death of Rasputin,1981,https://boxd.it/XE4
2026-01-10,The Blood of a Poet,1932,https://boxd.it/19Bw
2026-01-10,The Assistant,2019,https://boxd.it/neWo
2026-01-10,Malena,2000,https://boxd.it/1Vc0
2026-01-10,Beasts of No Nation,2015,https://boxd.it/8Lp8
2026-01-10,Call Me by Your Name,2017,https://boxd.it/dYmm
2026-01-10,"Spring, Summer, Fall, Winter... and Spring",2003,https://boxd.it/2b6W
2026-01-10,Day of Wrath,1943,https://boxd.it/ZtM
2026-01-10,Lady on the Bus,1978,https://boxd.it/2XWG
2026-01-10,Gaslight,1944,https://boxd.it/1PYs
2026-01-10,It Happened One Night,1934,https://boxd.it/25Ng
2026-01-10,Mädchen in Uniform,1931,https://boxd.it/1Y8g
2026-01-10,A Man and a Woman,1966,https://boxd.it/Wb6
2026-01-12,The Church,1989,https://boxd.it/11Zg
2026-01-13,Workers for the Good Lord,2000,https://boxd.it/3sxC
2026-01-13,Secret Defense,1998,https://boxd.it/FLG
2026-01-13,Abraham's Valley,1993,https://boxd.it/3DBA
2026-01-13,"The Tree, the Mayor and the Mediatheque",1993,https://boxd.it/4lEI
2026-01-14,Showgirls,1995,https://boxd.it/1Vmk
2026-01-15,The Lady Without Camelias,1953,https://boxd.it/3h3G
2026-01-19,Double Indemnity,1944,https://boxd.it/297I
2026-01-19,Kiss of Death,1947,https://boxd.it/1BSq
2026-01-19,The Asphalt Jungle,1950,https://boxd.it/1Jrs
2026-01-19,Laura,1944,https://boxd.it/27Oq
2026-01-21,Kagemusha,1980,https://boxd.it/1SGG
2026-01-22,Jubal,1956,https://boxd.it/UW0
2026-01-22,Big Jake,1971,https://boxd.it/1BuI
2026-01-22,The Sleeping City,1950,https://boxd.it/1a6k
2026-01-22,Against All Flags,1952,https://boxd.it/RtO
2026-01-22,Larceny,1948,https://boxd.it/1vju
2026-01-22,Tomahawk,1951,https://boxd.it/14EU
2026-01-22,The Last of the Fast Guns,1958,https://boxd.it/4Ie4
2026-01-22,The Lady and the Monster,1944,https://boxd.it/3X6M
2026-01-22,Hell Bent for Leather,1960,https://boxd.it/3Wk4
2026-01-22,The Mission,1999,https://boxd.it/OvW
2026-01-22,The Conspirators,1972,https://boxd.it/2AY0
2026-01-22,Capitu,2008,https://boxd.it/fywY
2026-01-22,The Oyster and the Wind,1997,https://boxd.it/5S5e
2026-01-22,The Killer,1989,https://boxd.it/1Vha
2026-01-27,The Long Goodbye,1973,https://boxd.it/281O
2026-01-27,Revolver,1973,https://boxd.it/23PO
2026-01-28,Vagabond,1985,https://boxd.it/T0u
2026-01-28,Melancholia,2011,https://boxd.it/bPI
2026-01-28,The House That Jack Built,2018,https://boxd.it/dWO4
2026-01-28,Moonlight,2016,https://boxd.it/d6bE
2026-01-28,De Palma,2015,https://boxd.it/bZDk
2026-01-28,Story of Women,1988,https://boxd.it/Y3o
2026-01-28,Movie Dementia,1986,https://boxd.it/5bH0
2026-01-28,The Day Dorival Faced the Guard,1986,https://boxd.it/5Mn2
2026-01-28,The Kiss,1981,https://boxd.it/5AkU
2026-01-30,This Boy's Life,1993,https://boxd.it/20yg
2026-01-30,La Région Centrale,1971,https://boxd.it/3b2W
2026-01-30,The Company of Strangers,1990,https://boxd.it/44PO
2026-02-04,Boy,1969,https://boxd.it/3xKQ
2026-02-04,The Inheritance,1970,https://boxd.it/4AAm
2026-02-04,This Is England,2006,https://boxd.it/1T44
2026-02-09,Caught Stealing,2025,https://boxd.it/LnyS
2026-02-11,The Umbrellas of Cherbourg,1964,https://boxd.it/22fK
2026-02-13,Samurai Rebellion,1967,https://boxd.it/2loc
2026-02-13,Scenes from a Marriage,1973,https://boxd.it/rx6u
2026-02-13,Still Walking,2008,https://boxd.it/1wvm
2026-02-13,Rocco and His Brothers,1960,https://boxd.it/20bG
2026-02-13,The Lovers on the Bridge,1991,https://boxd.it/26li
2026-02-14,The Naked Kiss,1964,https://boxd.it/1uBW
2026-02-14,The Story of the Last Chrysanthemum,1939,https://boxd.it/O1i
2026-02-14,The Friends of Eddie Coyle,1973,https://boxd.it/1vki
2026-02-14,Shane,1953,https://boxd.it/25Ig
2026-02-14,Peeping Tom,1960,https://boxd.it/1Utk
2026-02-14,Cléo from 5 to 7,1962,https://boxd.it/2agm
2026-02-14,The Hitch-Hiker,1953,https://boxd.it/ZjC
2026-02-14,One Froggy Evening,1955,https://boxd.it/x5W
2026-02-14,Inspiration,1949,https://boxd.it/4fmS
2026-02-14,"Hush... Hush, Sweet Charlotte",1964,https://boxd.it/1WBg
2026-02-14,Little Shop of Horrors,1986,https://boxd.it/1Vqm
2026-02-14,The Life of Oharu,1952,https://boxd.it/UFy
2026-02-14,Limelight,1952,https://boxd.it/1osa
2026-02-14,A Chairy Tale,1957,https://boxd.it/4H4i
2026-02-14,Aparajito,1956,https://boxd.it/29kW
2026-02-14,Big Deal on Madonna Street,1958,https://boxd.it/1xLq
2026-02-14,Ivan's Childhood,1962,https://boxd.it/1j6y
2026-02-14,Porto das Caixas,1963,https://boxd.it/5S88
2026-02-14,Il Posto,1961,https://boxd.it/1iqC
2026-02-14,Through a Glass Darkly,1961,https://boxd.it/1TrW
2026-02-14,Branded to Kill,1967,https://boxd.it/1HSQ
2026-02-14,Don't Torture a Duckling,1972,https://boxd.it/Gfc
2026-02-14,The Design,1981,https://boxd.it/8Axg
2026-02-14,The Emigrants,1971,https://boxd.it/114u
2026-02-14,Il Sorpasso,1962,https://boxd.it/1y7Q
2026-02-14,The Purple Rose of Cairo,1985,https://boxd.it/1VeU
2026-02-14,Little Odessa,1994,https://boxd.it/KyM
2026-02-14,Louis Lumière,1968,https://boxd.it/7xBi
2026-02-14,Band of Outsiders,1964,https://boxd.it/20Aw
2026-02-14,Sergeant York,1941,https://boxd.it/1K5i
2026-02-14,The War Is Over,1966,https://boxd.it/23QC
2026-02-14,"Objective, Burma!",1945,https://boxd.it/Uly
2026-02-14,La Strada,1954,https://boxd.it/2asi
2026-02-14,They Were Expendable,1945,https://boxd.it/1GlQ
2026-02-14,The Lady and the Duke,2001,https://boxd.it/269c
2026-02-14,Two-Lane Blacktop,1971,https://boxd.it/1sfE
2026-02-14,F for Fake,1973,https://boxd.it/VxA
2026-02-14,The Conformist,1970,https://boxd.it/20cE
2026-02-14,3 Godfathers,1948,https://boxd.it/1nTO
2026-02-14,Buffalo '66,1998,https://boxd.it/1YC6
2026-02-14,Dazed and Confused,1993,https://boxd.it/1Ylk
2026-02-14,Killer of Sheep,1978,https://boxd.it/1rPc
2026-02-14,O Canto da Saudade,1952,https://boxd.it/5RVo
2026-02-14,Suburban Angels,1987,https://boxd.it/55cg
2026-02-14,This Street So August,1968,https://boxd.it/54SK
2026-02-14,Buccaneer Blood,1979,https://boxd.it/dC7k
2026-02-14,Two Streams,1999,https://boxd.it/5Ulo
2026-02-14,La Chinoise,1967,https://boxd.it/28rC
2026-02-16,Wake in Fright,1971,https://boxd.it/1tWk
2026-02-17,Suzanne’s Career,1963,https://boxd.it/350A
2026-02-17,A Good Marriage,1982,https://boxd.it/26aE
2026-02-17,Perceval,1978,https://boxd.it/2BKe
2026-02-17,A Farmer in Montfaucon,1968,https://boxd.it/ax5s
2026-02-17,The Bakery Girl of Monceau,1963,https://boxd.it/2QsE
2026-02-18,Strata of the Image,2015,https://boxd.it/cXJM
2026-02-18,Sulfur Mines,1955,https://boxd.it/4FGu
2026-02-18,In the Darkness of Time,2002,https://boxd.it/awaQ
2026-02-18,Lights,1966,https://boxd.it/4NFY
2026-02-19,Lee Cronin's The Mummy,2026,https://boxd.it/NM9C
2026-02-23,Last Year at Marienbad,1961,https://boxd.it/24Qe
2026-02-23,Lola Montès,1955,https://boxd.it/1bzi
2026-02-23,The Round-Up,1966,https://boxd.it/3idC
2026-02-23,Zulu,1964,https://boxd.it/1O6Y
2026-02-23,3 Women,1977,https://boxd.it/YPs
2026-02-27,Bed and Board,1970,https://boxd.it/2aKw
2026-02-28,The Butcher,1970,https://boxd.it/266C
2026-02-28,Madame Bovary,1991,https://boxd.it/26Dc
2026-02-28,City of Pirates,1983,https://boxd.it/2cwG
2026-02-28,Mysteries of Lisbon,2010,https://boxd.it/UIos
2026-02-28,The Hypothesis of the Stolen Painting,1978,https://boxd.it/372S
2026-02-28,Three Crowns of the Sailor,1983,https://boxd.it/1hQ
2026-02-28,The Wild Bunch,1969,https://boxd.it/2a5y
2026-02-28,Straw Dogs,1971,https://boxd.it/2982
2026-02-28,Bring Me the Head of Alfredo Garcia,1974,https://boxd.it/1SIs
2026-02-28,The Getaway,1972,https://boxd.it/22lS
2026-02-28,Cross of Iron,1977,https://boxd.it/1Vgw
2026-02-28,Ride the High Country,1962,https://boxd.it/1b5C
2026-02-28,Convoy,1978,https://boxd.it/1Yjo
2026-02-28,Nenette and Boni,1996,https://boxd.it/3oOu
2026-03-03,Signs,2002,https://boxd.it/26t2
2026-03-03,Gone with the Wind,1939,https://boxd.it/29Fq
2026-03-05,Duelle (Une Quarantaine),1976,https://boxd.it/2WK
2026-03-06,Shara,2003,https://boxd.it/1aUO
2026-03-07,The Girl Who Cried Pearls,2025,https://boxd.it/Hbo4
2026-03-07,King Lear,1987,https://boxd.it/EDG
2026-03-07,Apache Drums,1951,https://boxd.it/2wOq
2026-03-07,The Nature of Invisible Things,2025,https://boxd.it/RZCK
2026-03-07,The Last Drive-In Theater,2014,https://boxd.it/a8nQ
2026-03-07,The Trial,1993,https://boxd.it/2jdc
2026-03-07,The Next Victim,1983,https://boxd.it/ahCA
2026-03-07,Esther and the King,1960,https://boxd.it/5d7e
2026-03-07,Secretary,2002,https://boxd.it/1URc
2026-03-07,On Sundays,1961,https://boxd.it/aOpa
2026-03-07,Harvest,1937,https://boxd.it/Va2
2026-03-07,A Talking Picture,2003,https://boxd.it/3jHI
2026-03-07,The Gun Hawk,1963,https://boxd.it/4vQO
2026-03-07,Ulzana's Raid,1972,https://boxd.it/WLS
2026-03-07,Comanche Station,1960,https://boxd.it/28kQ
2026-03-07,The Far Country,1954,https://boxd.it/1Gqm
2026-03-07,The Man from Laramie,1955,https://boxd.it/1HgC
2026-03-07,The Big Gundown,1967,https://boxd.it/1JPa
2026-03-07,Man of the West,1958,https://boxd.it/1NBm
2026-03-07,She Wore a Yellow Ribbon,1949,https://boxd.it/1Pa8
2026-03-07,The Naked Spur,1953,https://boxd.it/1Dts
2026-03-07,The Gunfighter,1950,https://boxd.it/1IIs
2026-03-07,Winchester '73,1950,https://boxd.it/1NRO
2026-03-07,Apache,1954,https://boxd.it/ULc
2026-03-07,Wichita,1955,https://boxd.it/3PMU
2026-03-07,Castle of the Banned Lovers,1956,https://boxd.it/4fVI
2026-03-07,Wake of the Red Witch,1948,https://boxd.it/116A
2026-03-07,Make Way for Tomorrow,1937,https://boxd.it/10hC
2026-03-07,The Wings of Eagles,1957,https://boxd.it/NL0
2026-03-09,All We Imagine as Light,2024,https://boxd.it/yXaQ
2026-03-09,Necropolis Symphony,2014,https://boxd.it/8Yos
2026-03-09,Good Manners,2017,https://boxd.it/aakY
2026-03-09,Cidade; Campo,2024,https://boxd.it/s6sK
2026-03-10,Reservoir Dogs,1992,https://boxd.it/2agc
2026-03-10,The Taste of Tea,2004,https://boxd.it/1Mse
2026-03-10,Brother,2000,https://boxd.it/2aAm
2026-03-10,Fireworks,1997,https://boxd.it/22mQ
2026-03-10,Kikujiro,1999,https://boxd.it/24xc
2026-03-10,A Scene at the Sea,1991,https://boxd.it/1z10
2026-03-10,Violent Cop,1989,https://boxd.it/1Rym
2026-03-10,Kids Return,1996,https://boxd.it/1sfY
2026-03-10,Zatoichi,2003,https://boxd.it/2aMs
2026-03-10,Dolls,2002,https://boxd.it/29pi
2026-03-10,Boiling Point,1990,https://boxd.it/1sQA
2026-03-10,Outrage,2010,https://boxd.it/PUo
2026-03-10,Broken Rage,2024,https://boxd.it/GrG2
2026-03-10,Beyond Outrage,2012,https://boxd.it/41D6
2026-03-10,Kubi,2023,https://boxd.it/tUpy
2026-03-10,Getting Any?,1994,https://boxd.it/13h6
2026-03-10,Outrage Coda,2017,https://boxd.it/g89G
2026-03-10,Takeshis',2005,https://boxd.it/1DDM
2026-03-10,Achilles and the Tortoise,2008,https://boxd.it/1SnO
2026-03-10,Glory to the Filmmaker!,2007,https://boxd.it/1lm4
2026-03-10,Ryuzo and the Seven Henchmen,2015,https://boxd.it/abB2
2026-03-10,Morning,2014,https://boxd.it/z1vI
2026-03-10,Arco,2025,https://boxd.it/uh7C
2026-03-10,At the Edge of the Earth,2002,https://boxd.it/7K1C
2026-03-10,Regular Lovers,2005,https://boxd.it/QhM
2026-03-10,Jealousy,2013,https://boxd.it/6rpe
2026-03-10,Lover for a Day,2017,https://boxd.it/fp84
2026-03-10,A Burning Hot Summer,2011,https://boxd.it/2NYM
2026-03-10,I Can No Longer Hear the Guitar,1991,https://boxd.it/2lE
2026-03-10,The Inner Scar,1972,https://boxd.it/32Ly
2026-03-10,Le Révélateur,1968,https://boxd.it/1nO
2026-03-10,L'Enfant Secret,1979,https://boxd.it/44U0
2026-03-10,Frontier of Dawn,2008,https://boxd.it/1ZDO
2026-03-10,In the Shadow of Women,2015,https://boxd.it/abCk
2026-03-10,Les Hautes solitudes,1974,https://boxd.it/4IDS
2026-03-10,The Salt of Tears,2020,https://boxd.it/l59o
2026-03-10,The Plough,2023,https://boxd.it/yGs4
2026-03-10,She Spent So Many Hours Under the Sun Lamps,1985,https://boxd.it/53Ei
2026-03-10,Emergency Kisses,1989,https://boxd.it/2v0
2026-03-10,The Birth of Love,1993,https://boxd.it/2XfM
2026-03-10,Liberty at Night,1984,https://boxd.it/3IU8
2026-03-10,The Wind of the Night,1999,https://boxd.it/2LoC
2026-03-10,The Virgin's Bed,1969,https://boxd.it/3Q3c
2026-03-10,The Crystal Cradle,1976,https://boxd.it/53Uq
2026-03-10,Jules and Jim,1962,https://boxd.it/28rM
2026-03-10,Day for Night,1973,https://boxd.it/28kG
2026-03-10,Shoot the Piano Player,1960,https://boxd.it/285w
2026-03-10,Stolen Kisses,1968,https://boxd.it/2aL0
2026-03-10,Fahrenheit 451,1966,https://boxd.it/28fw
2026-03-10,Antoine and Colette,1962,https://boxd.it/2aKQ
2026-03-10,The Last Metro,1980,https://boxd.it/28fc
2026-03-10,The Story of Adèle H.,1975,https://boxd.it/284I
2026-03-10,The Bride Wore Black,1968,https://boxd.it/24Ia
2026-03-10,The Soft Skin,1964,https://boxd.it/28eI
2026-03-10,Love on the Run,1979,https://boxd.it/2aKm
2026-03-10,The Wild Child,1970,https://boxd.it/28rW
2026-03-10,The Woman Next Door,1981,https://boxd.it/1REY
2026-03-10,Mississippi Mermaid,1969,https://boxd.it/28oe
2026-03-10,Small Change,1976,https://boxd.it/28mM
2026-03-10,Two English Girls,1971,https://boxd.it/WIk
2026-03-10,Confidentially Yours,1983,https://boxd.it/26Ho
2026-03-10,The Man Who Loved Women,1977,https://boxd.it/28MK
2026-03-10,The Mischief Makers,1957,https://boxd.it/1bOi
2026-03-10,The Green Room,1978,https://boxd.it/20B0
2026-03-10,A Story of Water,1961,https://boxd.it/Okk
2026-03-10,Love at Twenty,1962,https://boxd.it/1ZRc
2026-03-10,A Gorgeous Kid Like Me,1972,https://boxd.it/23Xy
2026-03-10,Los 4 Golpes,1962,https://boxd.it/ft96
2026-03-10,A. K.,1985,https://boxd.it/dSDQ
2026-03-10,Paint Your Wagon,1969,https://boxd.it/1Dys
2026-03-10,Charley Varrick,1973,https://boxd.it/1s2q
2026-03-10,Coogan's Bluff,1968,https://boxd.it/1uqu
2026-03-10,The Shootist,1976,https://boxd.it/1REa
2026-03-10,The Lineup,1958,https://boxd.it/1xwA
2026-03-10,Play Misty for Me,1971,https://boxd.it/1MjQ
2026-03-10,Joe Kidd,1972,https://boxd.it/1NbS
2026-03-10,The Great Escape,1963,https://boxd.it/22kA
2026-03-10,The Magnificent Seven,1960,https://boxd.it/29bA
2026-03-10,Bad Day at Black Rock,1955,https://boxd.it/1NRk
2026-03-10,Gunfight at the O.K. Corral,1957,https://boxd.it/1ATs
2026-03-10,The Eagle Has Landed,1976,https://boxd.it/1U0s
2026-03-10,Ice Station Zebra,1968,https://boxd.it/1Iia
2026-03-10,Last Train from Gun Hill,1959,https://boxd.it/1NAS
2026-03-10,Marooned,1969,https://boxd.it/12nM
2026-03-10,The Beguiled,1971,https://boxd.it/1i9m
2026-03-11,Practical Magic,1998,https://boxd.it/21HS
2026-03-11,Garden of Evil,1954,https://boxd.it/1b82
2026-03-11,Ôrí,1989,https://boxd.it/fAJg
2026-03-11,Cabascabo,1969,https://boxd.it/abyW
2026-03-11,Soleil O,1970,https://boxd.it/5TR4
2026-03-12,Blue Moon,2025,https://boxd.it/Nzwy
2026-03-12,Nomad,1982,https://boxd.it/4VI2
2026-03-12,Paranoid Park,2007,https://boxd.it/27GQ
2026-03-12,The Isle,2000,https://boxd.it/1ZZ6
2026-03-12,Wheel of Ashes,1968,https://boxd.it/7f1w
2026-03-12,Sans Soleil,1983,https://boxd.it/28B8
2026-03-12,Far from Vietnam,1967,https://boxd.it/1beO
2026-03-12,A Grin Without a Cat,1977,https://boxd.it/x8c
2026-03-12,The Lovely Month of May,1963,https://boxd.it/4d0q
2026-03-12,Letter from Siberia,1957,https://boxd.it/4d3u
2026-03-12,"His Motorbike, Her Island",1986,https://boxd.it/9uk8
2026-03-13,The Long Day Closes,1992,https://boxd.it/EMy
2026-03-13,The Perfect Neighbor,2025,https://boxd.it/RSG6
2026-03-13,Welcome to Marwen,2018,https://boxd.it/bNBQ
2026-03-13,To Live and Die in L.A.,1985,https://boxd.it/1XFo
2026-03-14,Hoppers,2026,https://boxd.it/OFpg
2026-03-14,The Bride!,2026,https://boxd.it/HSw6
2026-03-14,Sender,2026,https://boxd.it/UhA2
2026-03-17,Donovan's Reef,1963,https://boxd.it/1LkI
2026-03-17,The Seven Kittens,1980,https://boxd.it/5Eny
2026-03-17,Nazareno Cruz and the Wolf,1975,https://boxd.it/4aFq
2026-03-17,Cat Skin,1962,https://boxd.it/7Cva
2026-03-17,Paris Is Burning,1990,https://boxd.it/1jzg
2026-03-17,Le Trou,1960,https://boxd.it/1nSw
2026-03-17,Eternity and a Day,1998,https://boxd.it/1wSq
2026-03-17,Landscape in the Mist,1988,https://boxd.it/JRy
2026-03-17,Hovering Over the Water,1986,https://boxd.it/2VaU
2026-03-17,Braindead,1992,https://boxd.it/29Gy
2026-03-20,Temporal,1984,https://boxd.it/aTAC
2026-03-20,O Vampiro de Novo Hamburgo,1991,https://boxd.it/p1ji
2026-03-20,Velázquez e a Teoria Quântica da Gravidade,2011,https://boxd.it/JlIC
2026-03-20,Dona Silvia não gostava de música,1991,https://boxd.it/p1iE
2026-03-20,Cretinália,2020,https://boxd.it/sJxk
2026-03-20,The Sandwich,2000,https://boxd.it/8jQ6
2026-03-21,Broken Arrow,1996,https://boxd.it/1Z9u
2026-03-21,Paycheck,2003,https://boxd.it/1YdA
2026-03-21,Face/Off,1997,https://boxd.it/29I0
2026-03-21,Mission: Impossible II,2000,https://boxd.it/29cS
2026-03-21,All That Jazz,1979,https://boxd.it/1JB8
2026-03-23,Project Hail Mary,2026,https://boxd.it/pEeQ
2026-03-23,The Gods Must Be Crazy,1980,https://boxd.it/20eq
2026-03-23,Children of Heaven,1997,https://boxd.it/1C5k
2026-03-23,Ace in the Hole,1951,https://boxd.it/1vXk
2026-03-23,The Wages of Fear,1953,https://boxd.it/2aSK
2026-03-23,The Fly,1986,https://boxd.it/1YIe
2026-03-23,Dune,1984,https://boxd.it/29tY
2026-03-24,I'm Thinking of Ending Things,2020,https://boxd.it/i4IQ
2026-03-24,The Name of the Rose,1986,https://boxd.it/2aUw
2026-03-24,The Bear,1988,https://boxd.it/26Ps
2026-03-24,Dormant Beauty,2012,https://boxd.it/3ImK
2026-03-24,The Girl from Nowhere,2012,https://boxd.it/4Q5E
2026-03-24,Ulysses,1954,https://boxd.it/V6u
2026-03-27,Maquia: When the Promised Flower Blooms,2018,https://boxd.it/h6bM
2026-03-27,Redline,2009,https://boxd.it/2pQ0
2026-03-27,Howl's Moving Castle,2004,https://boxd.it/23De
2026-03-30,Rififi,1955,https://boxd.it/29f8
2026-04-04,Faust,1926,https://boxd.it/1Vxi
2026-04-05,Mouchette,1967,https://boxd.it/28Bs
2026-04-12,Phantom Thread,2017,https://boxd.it/e4uc
2026-04-17,eXistenZ,1999,https://boxd.it/27Ni
2026-04-19,The President,1919,https://boxd.it/4JXE
2026-04-22,Clay,1942,https://boxd.it/5RDY
2026-04-22,Shin Kamen Rider,2023,https://boxd.it/uDlw
2026-04-22,The Second Mother,2015,https://boxd.it/9Ydm
2026-04-22,The Devil Wears Prada 2,2026,https://boxd.it/Oags
2026-04-22,Red River,1948,https://boxd.it/25Lu
2026-04-24,The Colossus of Rhodes,1961,https://boxd.it/VuQ
2026-04-29,Marnie,1964,https://boxd.it/2afe
2026-04-29,Quadrophenia,1979,https://boxd.it/1Wqs
2026-04-29,In a Lonely Place,1950,https://boxd.it/1JgO
2026-04-29,My Life as a Dog,1985,https://boxd.it/1ZOM
2026-05-08,Tempting Heart,1999,https://boxd.it/PrG
2026-05-09,May December,2023,https://boxd.it/vEE2
2026-05-17,The Mighty Spirit,1999,https://boxd.it/6Lii
2026-05-17,The Scavengers,1992,https://boxd.it/7AEY
2026-05-17,The Memory Thread,1991,https://boxd.it/7w4i
2026-05-17,Last Conversations,2015,https://boxd.it/b2VO
2026-05-17,Songs,2011,https://boxd.it/7tPK
2026-05-17,The Mirage,1992,https://boxd.it/7F0Y
2026-05-23,Glass,2019,https://boxd.it/g3uO
2026-05-28,History Lessons,1972,https://boxd.it/6amM
2026-05-31,Backrooms,2026,https://boxd.it/EY6W
2026-06-04,Cutting It Short,1981,https://boxd.it/BYc
2026-06-07,The Walk,2015,https://boxd.it/8Rao
2026-06-11,Obsession,2025,https://boxd.it/PNqo
2026-06-11,Kuroneko,1968,https://boxd.it/12mE
2026-06-14,Where Eagles Dare,1968,https://boxd.it/1UM2
2026-06-15,Disclosure Day,2026,https://boxd.it/MDJY
2026-06-22,An American Werewolf in London,1981,https://boxd.it/29yk
2026-06-29,[REC],2007,https://boxd.it/20ma
2026-07-03,Scent of Gardenias,1992,https://boxd.it/c8te
2026-07-05,Moonfleet,1955,https://boxd.it/1mf4
2026-07-05,Le Pont du Nord,1981,https://boxd.it/hXI
2026-07-13,Secrets & Lies,1996,https://boxd.it/1UuC
2026-07-19,Volver,2006,https://boxd.it/2aQO
2026-07-19,The Skin I Live In,2011,https://boxd.it/99A
2026-07-19,Dream,1955,https://boxd.it/BAzE
2026-07-20,Dishonored,1931,https://boxd.it/2vR4
2026-07-23,The Hidden,1987,https://boxd.it/1RUW
2026-07-24,Bend of the River,1952,https://boxd.it/15kw
2026-08-01,Lucifer Rising,1972,https://boxd.it/1blq
2026-08-04,Without Words,1977,https://boxd.it/11XHo
2026-08-04,Wings,1927,https://boxd.it/1osO
2026-08-11,Fellini's Casanova,1976,https://boxd.it/Xp4
2026-08-11,Kwaidan,1964,https://boxd.it/1kbY
2026-08-13,Starless Night,2006,https://boxd.it/7MN4
2026-08-13,The Romance of Astrea and Celadon,2007,https://boxd.it/PtW
2026-08-15,The Evil Dead,1981,https://boxd.it/29Go
2026-08-19,Where Does Your Hidden Smile Lie?,2001,https://boxd.it/3jHS
2026-08-19,Invincible,2001,https://boxd.it/2cXC
